obj_id,title,ddb_url,heuristic_class,true_class,notes
I2LI2D45NQ6E2R65B6V5AXDIRNEQIUW2,Taxe für die Teichgräber. No. 27.,https://ddb.de/item/I2LI2D45NQ6E2R65B6V5AXDIRNEQIUW2,ORDINAL,ORDINAL,trailing Arabic numeral ordinal
ERKVYCNHAIJ6PK44ZCPQPRKUU7ADDPCW,Eine selbstschreibende Atwoodsche Fallmaschine.,https://ddb.de/item/ERKVYCNHAIJ6PK44ZCPQPRKUU7ADDPCW,OTHER,NATURAL,short title or heading ending with period
TD2IOAETX7LTKVBJH73A2FOBX4SG3WC6,Das Kupfferblatt N. M. Der Dritte Grundriß deß Hospittals.,https://ddb.de/item/TD2IOAETX7LTKVBJH73A2FOBX4SG3WC6,SENTENCE,NATURAL,"long prose string (≥8 tokens, no ISBD markers)"
JGDB2TMCPS5ZHB5EHCPHMMHD7X4IEURA,Meinen Gegnern und Gegnerinnen zugeeignet.,https://ddb.de/item/JGDB2TMCPS5ZHB5EHCPHMMHD7X4IEURA,OTHER,NATURAL,short title or heading ending with period
2AYOJBMGNVC6BKUIXPMTPRMYU2XUEVOV,Nothwendige Anmerckungen über die vierzehende Handlung.,https://ddb.de/item/2AYOJBMGNVC6BKUIXPMTPRMYU2XUEVOV,SENTENCE,NATURAL,short title or heading ending with period
BE2I5Y5KZPVJK5WKPFNNA3SEPYXBE5DY,"§. XXX. Regula Cäci aut Virginum, das heißt, Blinder oder Jungfern Rechnung.",https://ddb.de/item/BE2I5Y5KZPVJK5WKPFNNA3SEPYXBE5DY,SENTENCE,NATURAL,"long prose string (≥8 tokens, no ISBD markers)"
YVC47V6BOBT2CIFU65OU7ODSEIHI4C47,"Den Grooten en Witten Duyvel, Das ist: Eine klare Fürstellung und Erweisung, daß der König von Franckreich nicht durch Gewalt oder Waffen, sondern durch boßhafftige Direction und Anleitung Jan de Witt, Pensionarii, und dessen Grossen (Groots) Anhängern, unter dem Geschütz der güldenen Loysen so viel Städte und Festungen unsers lieben Vaterlandes, unter seinen Gehorsam bekommen hat :Hier sind auch beygefüget einige Considerationes oder Bedencken, betreffend die Straffe ...",https://ddb.de/item/YVC47V6BOBT2CIFU65OU7ODSEIHI4C47,SENTENCE,NATURAL,short title or heading ending with period
4PEND6XTSRDG2E567AWER2DAEEDDID52,Jahresbericht der Steuerdeputation für das Jahr 1914. I. Teil.,https://ddb.de/item/4PEND6XTSRDG2E567AWER2DAEEDDID52,ABBREV,ABBREV,trailing abbreviation token: teil.
C64VIYXS2MGJGVGPYPNYCOJ3EU4XPH7E,Inhalt.,https://ddb.de/item/C64VIYXS2MGJGVGPYPNYCOJ3EU4XPH7E,OTHER,NOISE,single-word or fragment entry
K3DR7K5MVKBZXZLY72QNCIMT2VHYAQEE,"783-784, Vorwort.",https://ddb.de/item/K3DR7K5MVKBZXZLY72QNCIMT2VHYAQEE,OTHER,NOISE,single-word or fragment entry
CM3VI7TVCO3QYXVDUV2FFSNPWOZQJERW,Einführung in die Benutzung der Ressourcen DGD und FOLK für gesprächsanalytische Zwecke. Handreichung: Metapragmatische Modalisierungen.,https://ddb.de/item/CM3VI7TVCO3QYXVDUV2FFSNPWOZQJERW,SENTENCE,NATURAL,"long prose string (≥8 tokens, no ISBD markers)"
7B4FSATPMMSAZBEFOYEXVRKSXUQ3CVNY,Vorerinnerung.,https://ddb.de/item/7B4FSATPMMSAZBEFOYEXVRKSXUQ3CVNY,OTHER,NOISE,single-word or fragment entry
62M5P2CZLTHMQVFOIYYKUE4FY2SHGAKS,Das XXIX. Capitel. Eine ernstliche Vermahnung/ zur ...,https://ddb.de/item/62M5P2CZLTHMQVFOIYYKUE4FY2SHGAKS,SENTENCE,NATURAL,"long prose string (≥8 tokens, no ISBD markers)"
HOPUKUKV5VJOGJG6EVR63UF5RUD3XGG2,"Neuntes Kapitel. Sein übriges Verhalten in dem Profeßhause; Bewahrung der Augen, Gehorsam. - Dreyzehentes Kapitel. Aloysius reiset mit dem P. Piscator nach Neapel; seine allda gegebene Tugendbeyspiel.",https://ddb.de/item/HOPUKUKV5VJOGJG6EVR63UF5RUD3XGG2,ISBD_CLOSE,ISBD_CLOSE,contains `. -` area separator
VEUB2PVI6PKPJGZH2TJDDUZ4TEIFCR4X,Am 1. Sonntag nach dem Fest der Erscheinung Christi. - Am 4. Sonntag nach der Erscheinung Christi.,https://ddb.de/item/VEUB2PVI6PKPJGZH2TJDDUZ4TEIFCR4X,ISBD_CLOSE,ISBD_CLOSE,contains `. -` area separator
3KSWHCHG6SWTXTBAHKW6UV5T3MT4HKZI,Feste Erdharze. - Gemeine Metalle.,https://ddb.de/item/3KSWHCHG6SWTXTBAHKW6UV5T3MT4HKZI,ISBD_CLOSE,ISBD_CLOSE,contains `. -` area separator
Z3M3767R7475FOBOOAN4NAVSGLDRHJFQ,Caput XVI. Vom Beschreyen und Mit-Essern.,https://ddb.de/item/Z3M3767R7475FOBOOAN4NAVSGLDRHJFQ,SENTENCE,NATURAL,short title or heading ending with period
MTPYV3DHGYTUCO6GV6QZ4VNWDI2PQLSY,Die letzten zwey beschlissliche vnd aller krefftigste büchleyn M. Petri Syluij so das Lutherisch thun an seyner person ... gründlich handeln vnd ... entplossen :Jm ersten wird erklert wie Luther durch betriegliche dewtung der schrifft hat verworffen alles was der ewige Gott ... zu gleuben ... geboten ... Jm andern büchleyn werden krefftiglich erklert ... Sechzehen warhafftige vnd gantz nothafftige Artickeln ...,https://ddb.de/item/MTPYV3DHGYTUCO6GV6QZ4VNWDI2PQLSY,SENTENCE,NATURAL,short title or heading ending with period
JDE5DGEWFLOLCBW3IXQYSA364W4G3NBN,"Die durch wohlbedächtlich aufgesetzte Veranstaltung anzuordnender Leichbegängnuß gegebene Versicherung heilsamer Sterbens-Erinnerung, als ein kräfftiges Trost-Mittel bey verhängtem plötzlichem Todes-Fall wurde, als der ... Herr Johann von Scheidlin, auf Grünenfurt, geweßter Comes Palatinus Caesareus & Imperialis ... Patricius Augustanus ... An. 1742. d. 15. Junii ... in dem 59sten. Jahr seines rühmlich geführten Alters schnell und unvermuthet von Gott aus dieser Zeitlichkeit abgefordert ... wurde ... vorgestellet von M. Phil. Jacob. Crophio ...",https://ddb.de/item/JDE5DGEWFLOLCBW3IXQYSA364W4G3NBN,SENTENCE,NATURAL,"long prose string (≥8 tokens, no ISBD markers)"
KTEP7QSHZBA6HXKJY66QK4X6IA5UI7GL,Das Magnificat.,https://ddb.de/item/KTEP7QSHZBA6HXKJY66QK4X6IA5UI7GL,OTHER,NATURAL,short title or heading ending with period
XTFD3CJDMBRAKC7BTA7PXZXJYBNMDWI6,Anleitung zur Viola.,https://ddb.de/item/XTFD3CJDMBRAKC7BTA7PXZXJYBNMDWI6,OTHER,NATURAL,short title or heading ending with period
4GGDXHDB3CXZYFWMCAG7WSY3VMAETW5A,Inhalt aller derer in diesem Sechsten Buch begriffenen Capiteln.,https://ddb.de/item/4GGDXHDB3CXZYFWMCAG7WSY3VMAETW5A,SENTENCE,NATURAL,"long prose string (≥8 tokens, no ISBD markers)"
XTOD6SWS6Q7DH4GAXUDWF25R3GJTN3YK,"Augsburg, b. Stage: Todesgesänge, von Christian Friedr. Daniel Schubart. 2te geringere, zum allgemeinen Besten veranstaltete Ausgabe. Ohne die beyden Register 136 S. 8. Mit dem Bildnisse des Vfs. Ohne Angabe der Jahrzahl.",https://ddb.de/item/XTOD6SWS6Q7DH4GAXUDWF25R3GJTN3YK,SENTENCE,NATURAL,"long prose string (≥8 tokens, no ISBD markers)"
Y2MT5RIK6TP2JPZ7MM5KRN7V5RMJQWPI,Abhandlung.,https://ddb.de/item/Y2MT5RIK6TP2JPZ7MM5KRN7V5RMJQWPI,OTHER,NOISE,single-word or fragment entry
2BRARJACOTDQK5HWFXC4JCH5OZ2EON4V,X. vom rechten Christlichen Bann.,https://ddb.de/item/2BRARJACOTDQK5HWFXC4JCH5OZ2EON4V,OTHER,NATURAL,short title or heading ending with period
XJO6KKVWIFCXGLLRM7TXVJFISDRM35OS,Dritter Abschnitt. Griechenland wird von den Cimbern bedroht - Verbündet sich mit Mithridates - Des letztern Charakter und Plane ...,https://ddb.de/item/XJO6KKVWIFCXGLLRM7TXVJFISDRM35OS,SENTENCE,NATURAL,"long prose string (≥8 tokens, no ISBD markers)"
QXA7C6HY2NQEXB5D2ATYGVSNZY6YJI5Y,"8. Der Tower Trinity House 126. #All Hallows, Barking. Tower Subway. Royal Mint 127. #Tower Bridge 128.",https://ddb.de/item/QXA7C6HY2NQEXB5D2ATYGVSNZY6YJI5Y,ORDINAL,ORDINAL,trailing Arabic numeral ordinal
FVB5FHPFR4BAU6W7IIUS6IN7WHAF6LKK,"Das Werckliche Sitten-Bild Eines Storches, Bey Ansehnlicher Beerdigung Des weyland Wohl-Edlen und Großachtbahren Herrn Justi Henningi Storren, Vornehmen Kauff- und Handelsmannes, Im Jahr 1717. den 14ten Mertz-Monat in der Haupt-Kirchen St. Andreæ Alter Stadt Hildesheim / In einer Dancksagungs-Rede An Die Herren Leich-Begleiter Kürtzlich betrachtet Von M. Joh. Christoph. Losio, G. A. Directore.",https://ddb.de/item/FVB5FHPFR4BAU6W7IIUS6IN7WHAF6LKK,SENTENCE,NATURAL,"long prose string (≥8 tokens, no ISBD markers)"
BQZU6YL63OGELVHGAWJW2WELLIODBUPV,Weissagung. - Heilkräfte der Natur in der Tobsucht.,https://ddb.de/item/BQZU6YL63OGELVHGAWJW2WELLIODBUPV,ISBD_CLOSE,ISBD_CLOSE,contains `. -` area separator
3H63SBEVJAFBTKLFVMZBIZ4UVGQCOWD4,3. Hermann der Seifensieder: oder das große Loos in der Lotterie. Fortsetzung.,https://ddb.de/item/3H63SBEVJAFBTKLFVMZBIZ4UVGQCOWD4,SENTENCE,NATURAL,"long prose string (≥8 tokens, no ISBD markers)"
O4RB2GKRY4HTRKIVUNM3BV3VWSTXRIYK,Fortsetzung des Constitutions-Streits.,https://ddb.de/item/O4RB2GKRY4HTRKIVUNM3BV3VWSTXRIYK,OTHER,NATURAL,short title or heading ending with period
EZDAHQGQJXH45AMP5ACGARMWHEP24CGH,Das Umsingen.,https://ddb.de/item/EZDAHQGQJXH45AMP5ACGARMWHEP24CGH,OTHER,NATURAL,short title or heading ending with period
EMILBO4VMEX47JU5YTTEA52UBUWME5VU,Vorrede.,https://ddb.de/item/EMILBO4VMEX47JU5YTTEA52UBUWME5VU,OTHER,NOISE,single-word or fragment entry
FSRGC3HE7ZKDT5KMH33J4EBGDPQQLCQA,"In nomine Jesu, Amen. Vorbereitung.",https://ddb.de/item/FSRGC3HE7ZKDT5KMH33J4EBGDPQQLCQA,OTHER,NATURAL,short title or heading ending with period
Y3UL3YP2EQTGR3ZVQBJXSZYJXR34AEJS,Göttingische gelehrte Anzeigen unter der Aufsicht der Königl. Gesellschaft der Wissenschaften. 1. Stück. Den 1. Januar 1842. [-] 103. 104. Stück. Den 30. Junius 1842.,https://ddb.de/item/Y3UL3YP2EQTGR3ZVQBJXSZYJXR34AEJS,ORDINAL,NATURAL,date expression ending with year — not publication area close
ALELOTOIPB6AO2CHQZSNKXUIT2B26CKJ,"Weise, fromm und gesund zu leben, auch ruhig und gottselig zu sterben. 3.verb.Aufl.",https://ddb.de/item/ALELOTOIPB6AO2CHQZSNKXUIT2B26CKJ,ABBREV,NATURAL,"long prose string (≥8 tokens, no ISBD markers)"
ENZWKUWQT565IRSTT6IU3U7AQWGZPRQZ,X. Sagen und Märchen.,https://ddb.de/item/ENZWKUWQT565IRSTT6IU3U7AQWGZPRQZ,OTHER,NATURAL,short title or heading ending with period
VJ4KQNKHKVBXSXMHH44NWO2ZBNNMU34Y,"Weißeritz-Zeitung : Tageszeitung und Anzeiger für Dippoldiswalde, Schmiedeberg u. U.",https://ddb.de/item/VJ4KQNKHKVBXSXMHH44NWO2ZBNNMU34Y,SENTENCE,NATURAL,short title or heading ending with period
M3B2XJS2KMHMTXJF6RMHVFFKYIYKH4A4,"Stundenübersicht für Philosophie, Philologie und Geschichte.",https://ddb.de/item/M3B2XJS2KMHMTXJF6RMHVFFKYIYKH4A4,SENTENCE,NATURAL,short title or heading ending with period
Y5PA5ML3KQZB23RH7S7N6V35CGHW5CSX,Erklärung des Textes.,https://ddb.de/item/Y5PA5ML3KQZB23RH7S7N6V35CGHW5CSX,OTHER,NATURAL,short title or heading ending with period
RRTJ7FBAQASCGV3JB4XEA2OEG6HG6JM6,Abend-Zeitung : auf das Jahr ...,https://ddb.de/item/RRTJ7FBAQASCGV3JB4XEA2OEG6HG6JM6,OTHER,NATURAL,short title or heading ending with period
AS7HCESLTDVRYNV3M7DFNIGPRILNXSWE,"Achter Tag, den 5ten September.",https://ddb.de/item/AS7HCESLTDVRYNV3M7DFNIGPRILNXSWE,OTHER,NATURAL,short title or heading ending with period
YSDOJFWS4KIT73M36DBSVBKNSSFFSN6D,82. Anckelmann (Friedrich Albert).,https://ddb.de/item/YSDOJFWS4KIT73M36DBSVBKNSSFFSN6D,OTHER,NATURAL,short title or heading ending with period
67ZUYN3Z2CMHQQ566VJXEJI66BMBOZ6Q,"Neues Elementarwerk für die niedern Klassen lateinischer Schulen und Gymnasien :Nach einem zusammenhängenden und auf die Lesung klassischer Autoren in den obern Klassen, wie auch auf die übrigen Vorerkenntnisse künftiger Studirenden gründlich vorbereitenden Plane. 3., Mathem. Le[h]rbuch f. d. 8. Kl. od. d. ...",https://ddb.de/item/67ZUYN3Z2CMHQQ566VJXEJI66BMBOZ6Q,SENTENCE,NATURAL,short title or heading ending with period
OUDWMNZNQU22FKNKQEV5WJSDA64Z3A7H,"Erste Ausgabe vom Donnerstag, den 28. Januar 1915.",https://ddb.de/item/OUDWMNZNQU22FKNKQEV5WJSDA64Z3A7H,ORDINAL,NATURAL,date expression ending with year — not publication area close
SXKIAB5BSSUCBDEIOUUAAEIDE23QZHKO,Predigt am XXI. Sonntage nach Trinitatis. - Predigt am XXVII. Sonntage nach Trinitatis.,https://ddb.de/item/SXKIAB5BSSUCBDEIOUUAAEIDE23QZHKO,ISBD_CLOSE,ISBD_CLOSE,contains `. -` area separator
4VV5F3QTJWRSBPP4MAVWVS52ESWN25T6,Vorrede an die gantze Christliche und Gottliebende Gemein zu Bayreuth.,https://ddb.de/item/4VV5F3QTJWRSBPP4MAVWVS52ESWN25T6,SENTENCE,NATURAL,"long prose string (≥8 tokens, no ISBD markers)"
26XI7D5U3YA2KO65BQL7EEBU6GTGT4UJ,Wollheim wird seinen Grundsätzen abtrünnig.,https://ddb.de/item/26XI7D5U3YA2KO65BQL7EEBU6GTGT4UJ,OTHER,NATURAL,short title or heading ending with period
B5HLP4X5K7BEARRNM5XCDLHFSDFTFQKP,Sechszehnter Jahrgang. No. 3.,https://ddb.de/item/B5HLP4X5K7BEARRNM5XCDLHFSDFTFQKP,ORDINAL,ORDINAL,trailing Arabic numeral ordinal
VGWL6M5FQJ4Z5YLDSCKE4Z2IXHG6UT3P,Rundschau.,https://ddb.de/item/VGWL6M5FQJ4Z5YLDSCKE4Z2IXHG6UT3P,OTHER,NOISE,single-word or fragment entry
2Y53QX5EVV7HUK334BSABDTYVOE7TYE3,"5. Substitutionen, die auf homogene Differentialgleichungen führen.",https://ddb.de/item/2Y53QX5EVV7HUK334BSABDTYVOE7TYE3,SENTENCE,NATURAL,short title or heading ending with period
OYCZASO5U4OYL55WWXXPW52GCZDY6EPZ,"Zweite Ausgabe vom Sonntag, den 18. Juli 1920.",https://ddb.de/item/OYCZASO5U4OYL55WWXXPW52GCZDY6EPZ,ORDINAL,NATURAL,date expression ending with year — not publication area close
WLU33F5WARORSNTYCY4OIBMR5FGESGYY,"August Ludwig Schlözer's ... Briefwechsel meist historischen und politischen Inhalts. 7, Heft XXXVII - XLII, 1780. b.",https://ddb.de/item/WLU33F5WARORSNTYCY4OIBMR5FGESGYY,SENTENCE,NATURAL,"long prose string (≥8 tokens, no ISBD markers)"
XZOJK7FORMJASFWT2TXZ4AAGI5L5LXRH,Vier italienische Sturmangriffe abgeschlagen.,https://ddb.de/item/XZOJK7FORMJASFWT2TXZ4AAGI5L5LXRH,OTHER,NATURAL,short title or heading ending with period
2WAWINGYRCP4TDRP4HX3ZGTDQZHFWNAF,"Bemerkungen in Beziehung auf die Recension meines Abrisses einer Geschichte der Leipz. Universität im Laufe des 18ten Jahrhunderts, in der Allgem. Deutsch. Biblioth. LXXIX. Bd. S. 462-69.",https://ddb.de/item/2WAWINGYRCP4TDRP4HX3ZGTDQZHFWNAF,ORDINAL,ORDINAL,trailing Arabic numeral ordinal
W4LIXSVMLILNSUNVZ6N32LWIZ2GDMYCB,Zwey und zwanzigstes Geschlecht. Der Igel.,https://ddb.de/item/W4LIXSVMLILNSUNVZ6N32LWIZ2GDMYCB,SENTENCE,NATURAL,short title or heading ending with period
KNY4PVPURMCG6HEILJE2BGDGMVJ5C3BM,"Die Metastabilität der Metalle als Folge von Allotropie und ihre Bedeutung für Chemie, Physik und Technik. I.",https://ddb.de/item/KNY4PVPURMCG6HEILJE2BGDGMVJ5C3BM,SENTENCE,ORDINAL,trailing Roman numeral ordinal
E72QSBULWSURGZFPFLVVFHZNZAJHSZEI,Höhenbestimmungen in Deutsch-Ostafrika vpn Hauptmann L. Fromm.,https://ddb.de/item/E72QSBULWSURGZFPFLVVFHZNZAJHSZEI,SENTENCE,NATURAL,short title or heading ending with period
MKYDPNIDED2ZF2C3MUV45XHD4IGGAH4Q,Auserlesener und Denk-würdiger Geschichten/ Sachen und Reden/ samt deren nützlichen Erläuterungen und Zueignungen. Erstes Buch.,https://ddb.de/item/MKYDPNIDED2ZF2C3MUV45XHD4IGGAH4Q,SENTENCE,NATURAL,"long prose string (≥8 tokens, no ISBD markers)"
3GNMYX2LK4MVWF6G32REA7QRJFLTCF6C,"Ordnung der Artisten facultät zu Tüwingen Anno 1557 [Auszug aus den Universitätsstatuten, Ausfertigung: UAT U 18].",https://ddb.de/item/3GNMYX2LK4MVWF6G32REA7QRJFLTCF6C,SENTENCE,NATURAL,"long prose string (≥8 tokens, no ISBD markers)"
OTQPL6NNHH3EQFTFB4F32KVMRUKPJPKX,"H1r-J1r, Wann aber ein Reichs-Stand von der Macht ...",https://ddb.de/item/OTQPL6NNHH3EQFTFB4F32KVMRUKPJPKX,SENTENCE,NATURAL,"long prose string (≥8 tokens, no ISBD markers)"
HKA3YZZCRT7FSOILU4EVP7ZMFGFBQ5L7,II. Völker im Mittellande.,https://ddb.de/item/HKA3YZZCRT7FSOILU4EVP7ZMFGFBQ5L7,OTHER,NATURAL,short title or heading ending with period
COGQNB6NCFYVCJDWJYVE3MY3KOUEGQ7J,"325-334, 51. Die Sonne verfinstert sich. - 52. Jesus stirbt.",https://ddb.de/item/COGQNB6NCFYVCJDWJYVE3MY3KOUEGQ7J,ISBD_CLOSE,ISBD_CLOSE,contains `. -` area separator
35DVC76X4ZA7TUMHWMJHJVNWTDSTSYNO,"Sturz der Triumvire in Frankreich, oder der Direktoren Merlin, Lareveillere-Lepaur, und Treilhard.",https://ddb.de/item/35DVC76X4ZA7TUMHWMJHJVNWTDSTSYNO,SENTENCE,NATURAL,"long prose string (≥8 tokens, no ISBD markers)"
IXJVD3QLV5JRG2XB3U5VTLSIKYMBMKEP,§ 5. Anwendungen des Rechenschiebers.,https://ddb.de/item/IXJVD3QLV5JRG2XB3U5VTLSIKYMBMKEP,OTHER,NOISE,single-word or fragment entry
HGB3CCOPYDJRLOVGBDGQTVOO5UPRNKR3,Drittes Hauptstück. Vom Gebet des Herrn oder vom heiligen Vater-Unser.,https://ddb.de/item/HGB3CCOPYDJRLOVGBDGQTVOO5UPRNKR3,SENTENCE,NATURAL,"long prose string (≥8 tokens, no ISBD markers)"
ZWMARRDHFSDK3XA7FORV5PNAS37PTQDL,"Copey und Abdruck der Andern Freyheit Des ... Augusti, Herzogen zu Sachssen ... Den Erfindern der Holtzersparungs Kunst, Jeremias Neunern von Straßburg, unnd seinen Mitverwandten :Gegeben auff dem Schloß Annaburgk, den 11. Tag des Monats Novembris Anno 1.5.74.",https://ddb.de/item/ZWMARRDHFSDK3XA7FORV5PNAS37PTQDL,ORDINAL,ORDINAL,trailing Arabic numeral ordinal
PIICQLE3WKMKDO2SXXWNSB7AWNMKVZSP,"Erster Theil, Von Geheimnissen der Natur / und absonderlich des Menschen.",https://ddb.de/item/PIICQLE3WKMKDO2SXXWNSB7AWNMKVZSP,SENTENCE,NATURAL,"long prose string (≥8 tokens, no ISBD markers)"
67LMAJWGY5XEQPLZPTYRSCEYGWLDCZ2A,"Ausgabe vom Samstag, den 25. April 1874.",https://ddb.de/item/67LMAJWGY5XEQPLZPTYRSCEYGWLDCZ2A,ORDINAL,NATURAL,date expression ending with year — not publication area close
VM65FMABOMCNVGVEER5EH7G3VFB6XLD2,"Ausgabe vom Sonntag, den 27. Oktober 1901.",https://ddb.de/item/VM65FMABOMCNVGVEER5EH7G3VFB6XLD2,ORDINAL,NATURAL,date expression ending with year — not publication area close
YXX7A4B6KRP2TEYAITEMCUS4ZJ2FPHET,Ein ander Geistlich Lied/ Jnn der Melodey/ Wo Gott der Herr nit bey vns helt/ [et]c.,https://ddb.de/item/YXX7A4B6KRP2TEYAITEMCUS4ZJ2FPHET,SENTENCE,ORDINAL,trailing Roman numeral ordinal
C3HBVA6J4RL3W5NR5OO6AYJDYWG7A3M3,"Cupido, Als einen Glücks-Töpffer Auf der Leipziger Messe, Wolte Da die ... Herrschaft zur Oelß, Das Steinerisch- und Fleischlinische Hochzeit-Festin, Auf dem Hoch-Fürstl. Schlosse in Dero Residentz-Stadt Oelße, den 6. Octobris Anno 1716. Gnädigst erlaubten, Bey vergnügter Vollziehung vorstellen Beyder Verlobten Ergebener, D. K. F. W. O. H. F.",https://ddb.de/item/C3HBVA6J4RL3W5NR5OO6AYJDYWG7A3M3,SENTENCE,NATURAL,"long prose string (≥8 tokens, no ISBD markers)"
HQF2GGVH25ZWCFTG2YIDRGHWXIDIGBS6,Lebenslauf.,https://ddb.de/item/HQF2GGVH25ZWCFTG2YIDRGHWXIDIGBS6,OTHER,NOISE,single-word or fragment entry
BJJ5HBOUIVO7R3ZEKUIJ4SRWOFWPQNVY,Der siebende Theil: Von der Rechtschreibung der teutschen Sprache.,https://ddb.de/item/BJJ5HBOUIVO7R3ZEKUIJ4SRWOFWPQNVY,SENTENCE,NATURAL,"long prose string (≥8 tokens, no ISBD markers)"
WPT6SXJUVDR7N7WJ75LVGSLTZPOUSJRI,"Weißeritz-Zeitung : Tageszeitung und Anzeiger für Dippoldiswalde, Schmiedeberg u. U.",https://ddb.de/item/WPT6SXJUVDR7N7WJ75LVGSLTZPOUSJRI,SENTENCE,NATURAL,short title or heading ending with period
D376OAR2TKXKY6IZHUIVJVFHEAWUL6A3,Die schwere Rechenschaft wegen unnützer Worte.,https://ddb.de/item/D376OAR2TKXKY6IZHUIVJVFHEAWUL6A3,SENTENCE,NATURAL,short title or heading ending with period
VRIW4HPWZPQH6H3DSEK6SNYEPGLVXMXQ,Enthüllungen an das deutsche Volk über das Fürsten-Parlament in Frankfurt a/M.,https://ddb.de/item/VRIW4HPWZPQH6H3DSEK6SNYEPGLVXMXQ,SENTENCE,ORDINAL,trailing Roman numeral ordinal
AA2PYB2SQZI5ON4XSSZ56S6HRZV6BFU3,II. Privat- und Haus-Gebete.,https://ddb.de/item/AA2PYB2SQZI5ON4XSSZ56S6HRZV6BFU3,OTHER,NATURAL,short title or heading ending with period
5KGINUT7NFQNF7FTYXZ3SNVQUYHULZ52,Schöner Nachruhm welchen ... erlanget ... Catharina Elisabeth Löserin geb. Langin ...,https://ddb.de/item/5KGINUT7NFQNF7FTYXZ3SNVQUYHULZ52,SENTENCE,NATURAL,"long prose string (≥8 tokens, no ISBD markers)"
CFP2ANK7YPHPBLJDYUULUF2ME5MNNWM7,"Zweite Ausgabe vom Donnerstag, den 28. August 1930.",https://ddb.de/item/CFP2ANK7YPHPBLJDYUULUF2ME5MNNWM7,ORDINAL,NATURAL,date expression ending with year — not publication area close
SYA76QGQU2D4AFDCX6DFG3TQ7FQV7JRM,Erziehung zur Freude als sittlicher Grundhaltung.,https://ddb.de/item/SYA76QGQU2D4AFDCX6DFG3TQ7FQV7JRM,SENTENCE,NATURAL,short title or heading ending with period
KPYFCANVSACZFJX5EV7VQWAIGHWL4XKZ,§ 1. Einleitende Sätze.,https://ddb.de/item/KPYFCANVSACZFJX5EV7VQWAIGHWL4XKZ,OTHER,NOISE,single-word or fragment entry
7Z4N6UFAIMU7NTCI6KLTCAEJK6RVG6ZF,42tes Stück. Den 26ten Mai.,https://ddb.de/item/7Z4N6UFAIMU7NTCI6KLTCAEJK6RVG6ZF,ABBREV,ABBREV,trailing abbreviation token: mai.
65FXK2TVRMUFS7V7OJ7UX2FXVOAA5S4A,"Oesterreichisches Deo Gratias, Das ist: Eine außführliche Beschreibung eines Hochfeyerlichen Danck-Fests, Welches Zu Ehren der Allerheiligsten Dreyfaltigkeit wegen gnädiger Abwendung der über uns verhängten schweren Straff der Pest in der Käyserlichen Haupt und Residentz-Stadt Wienn, den 17. Junii A. 1680. durch die Löbl. N.O. Herren Land-Ständ höchstaufferbaulich angestellet worden :Samt einer kurtzen Predigt, so vor einer Volckreichen Versamblung in Mitte der Stadt bey der Säulen der Allerheiligsten Dreyfaltigkeit vorgetragen. Durch P. Abraham Augustiner Baarfüsser und Käyserlichen Prediger; Erstlich gedruckt zu Wien[n] in Oesterreich, Bey Peter Paul Vivian/ der Löbl. Universität Buchdrucker, Im Jahr 1680.",https://ddb.de/item/65FXK2TVRMUFS7V7OJ7UX2FXVOAA5S4A,ORDINAL,ISBD_CLOSE,trailing period after year with ISBD title-area markers
Z6FLENLONUAP6KCFRP3OJYT5TMDCAWRO,193. Königin Luise und der General von Köckeritz.,https://ddb.de/item/Z6FLENLONUAP6KCFRP3OJYT5TMDCAWRO,SENTENCE,NATURAL,"long prose string (≥8 tokens, no ISBD markers)"
DUTASYPUEH5VMMKIYWX5YV3EFVC7ISYD,"Nr. 5. Berlin, 27. Januar 1911. 12. Jahrgang.",https://ddb.de/item/DUTASYPUEH5VMMKIYWX5YV3EFVC7ISYD,SENTENCE,NATURAL,"long prose string (≥8 tokens, no ISBD markers)"
47OIR57SGAWEGQOPR7ECRZUCIPANCZKU,"Zweite Ausgabe vom Freitag, den 30. März 1928.",https://ddb.de/item/47OIR57SGAWEGQOPR7ECRZUCIPANCZKU,ORDINAL,NATURAL,date expression ending with year — not publication area close
IYYY4J2XJKTNJNWD2LLXNG6TO32ZTZUE,145-147 Reisebilder aus England : II.,https://ddb.de/item/IYYY4J2XJKTNJNWD2LLXNG6TO32ZTZUE,SENTENCE,ORDINAL,trailing Roman numeral ordinal
LCTTRSVRXEXY6FHJWBGZOV46WEUCITSY,"Julius Traugott Jacob von Könneritz, Königl. sächs. Staatsminister a. D.",https://ddb.de/item/LCTTRSVRXEXY6FHJWBGZOV46WEUCITSY,SENTENCE,ORDINAL,trailing Roman numeral ordinal
KOZNUNGV55BFSHYU56QZ5YOC4IUHFAFS,Teutsch Register über die Kräuter und Gewächs/ so in dem Frühling blühen.,https://ddb.de/item/KOZNUNGV55BFSHYU56QZ5YOC4IUHFAFS,SENTENCE,NATURAL,"long prose string (≥8 tokens, no ISBD markers)"
CYJCHRGICPQMPG5IPSU5AGQ6FML2UVWD,Ein italienisches Luftschiff heruntergeschossen. - Versenkung eines italienischen Unterseebootes.,https://ddb.de/item/CYJCHRGICPQMPG5IPSU5AGQ6FML2UVWD,ISBD_CLOSE,ISBD_CLOSE,contains `. -` area separator
MMZRRTT5PAELTJNEAZRGICWVYREKPYU4,Erläuterungen zur Fortzetzung der Anfangsgründe der reinen Mathematik.,https://ddb.de/item/MMZRRTT5PAELTJNEAZRGICWVYREKPYU4,SENTENCE,NATURAL,"long prose string (≥8 tokens, no ISBD markers)"
M3IO5ZJ3DP2LWHRIMFNQW63MNNJEWURP,Wie du disen quadranten prauchen solt. Das xl. capittel.,https://ddb.de/item/M3IO5ZJ3DP2LWHRIMFNQW63MNNJEWURP,SENTENCE,NATURAL,"long prose string (≥8 tokens, no ISBD markers)"
72I6J5Z3XEV35KLGNJNCJPXI7BKUCQBS,Cap. VI. Von D. Martino Luthero und andern Lehrern/ so widers Bapstumb geschrieben.,https://ddb.de/item/72I6J5Z3XEV35KLGNJNCJPXI7BKUCQBS,SENTENCE,NATURAL,"long prose string (≥8 tokens, no ISBD markers)"
46LFJXB2EWGC3IYYPYEOLSDLH6F5VHT3,Ehren-Tafel deutscher Volksschullehrer : L.,https://ddb.de/item/46LFJXB2EWGC3IYYPYEOLSDLH6F5VHT3,OTHER,ORDINAL,trailing Roman numeral ordinal
V4P3SBHXTZ5CQCUDLKYXASSVW6XM4CEY,"Die in der Lutherischen Kirche zu Philadelphia gehaltene Erste Rede, am 21sten Januarii, n. st. 1742.",https://ddb.de/item/V4P3SBHXTZ5CQCUDLKYXASSVW6XM4CEY,ORDINAL,NATURAL,date expression ending with year — not publication area close
MWE77NZDWT5K7N57ZXKLYWEOJJDL7C4V,No. XIII. Instruction für den Brandmeister.,https://ddb.de/item/MWE77NZDWT5K7N57ZXKLYWEOJJDL7C4V,SENTENCE,NATURAL,short title or heading ending with period
2NEGSIZ3OS2BZJQLWZ4ZCK32KBMX46AI,"Ausgabe vom Samstag, den 01. März 1884.",https://ddb.de/item/2NEGSIZ3OS2BZJQLWZ4ZCK32KBMX46AI,ORDINAL,NATURAL,date expression ending with year — not publication area close
7NZLM37XYVQIXJKSJTWCK7ZFHVCX3GBO,"Der Ehrntugendreichen und Hochbetrübten Frawen Susannae de Labois, Weyland des Ehrnvesten und Vorachtbarn H. Andreae de Marne hinderlassener Wittwen und ihren Sechs unmündigen Kindern sampt dero beiderseits löblicher und betrübter Freundschafft wünsche Ich undenbenendter.",https://ddb.de/item/7NZLM37XYVQIXJKSJTWCK7ZFHVCX3GBO,SENTENCE,NATURAL,"long prose string (≥8 tokens, no ISBD markers)"
BQYKVCVPZWZBHS3JDAPTS2XXGG3YJNXR,V. Justiz-Verwaltung in der Stadt und deren Gebiet.,https://ddb.de/item/BQYKVCVPZWZBHS3JDAPTS2XXGG3YJNXR,SENTENCE,NATURAL,"long prose string (≥8 tokens, no ISBD markers)"
RO5YRUPLVKSBCIV6FKBAYPD2QRP2PK72,"398-417, Das VII.-VIII. Kapitel.",https://ddb.de/item/RO5YRUPLVKSBCIV6FKBAYPD2QRP2PK72,OTHER,NOISE,single-word or fragment entry
7BZHZSHAM4YWEFQNINHFF4CV34OUJ4NR,Von der Narrheit und Fabeln deß Gesetz Mahomets. Cap. IX.,https://ddb.de/item/7BZHZSHAM4YWEFQNINHFF4CV34OUJ4NR,SENTENCE,ORDINAL,trailing Roman numeral ordinal
2EH2KLOLGWQWBRC7THLRT2ENVTN3C4QK,Ein Satz über algebraische Functionen mehrer Variablen.,https://ddb.de/item/2EH2KLOLGWQWBRC7THLRT2ENVTN3C4QK,SENTENCE,NATURAL,short title or heading ending with period
EVJ2DDQDH2QBW5KDPR6S2NW5PICMWOQ7,Unter-redende Personen.,https://ddb.de/item/EVJ2DDQDH2QBW5KDPR6S2NW5PICMWOQ7,OTHER,NATURAL,short title or heading ending with period
LKB7YVG26VNS3ZZR77LYWWV4AYSHHJVB,"Vom Zustande der drei untern Klassen des Gymnasiums zu Görlitz, nach Lehre und Zucht. In sofern diese Klassen von den Lehrern als Bürgerschule angesehen und behandelt werden : Zur Anzeige des Lob und Dank-Aktus oder der sogenannten Gregorius-Feierlichkeit welche den 29. December früh um 9 Uhr Am Schlus des Jahres 1797. im Gymnasio wird gehalten werden; ...",https://ddb.de/item/LKB7YVG26VNS3ZZR77LYWWV4AYSHHJVB,SENTENCE,NATURAL,short title or heading ending with period
D4CD3EELPSH7HSFES4NNR3MTTYXUDJDJ,Chemische Untersuchungen auf dem Gebiete der Milchwirthschaft : XI.,https://ddb.de/item/D4CD3EELPSH7HSFES4NNR3MTTYXUDJDJ,SENTENCE,ORDINAL,trailing Roman numeral ordinal
V25V4KUUSFQQKL76TNMSS2FB4GPZUJ7W,Verein für Geschichte und Altertumskunde Westfalens Zweig-Verein in Haltern i. W.,https://ddb.de/item/V25V4KUUSFQQKL76TNMSS2FB4GPZUJ7W,SENTENCE,NATURAL,"long prose string (≥8 tokens, no ISBD markers)"
R4X3BQFSDANUXMDHMFHVN246O2KLSLGI,Die Sperrung der Handelsstrassen im Hinterlande von Lagos.,https://ddb.de/item/R4X3BQFSDANUXMDHMFHVN246O2KLSLGI,SENTENCE,NATURAL,"long prose string (≥8 tokens, no ISBD markers)"
7AR2ISPMN3JMGZT2CVTJ4GKJQYHIPYBL,Abgegangene Seeschiffe.,https://ddb.de/item/7AR2ISPMN3JMGZT2CVTJ4GKJQYHIPYBL,OTHER,NATURAL,short title or heading ending with period
HOZ2VZOCV6WBBYG734NSFNRVDO5SFMC7,1. Apparate und Versuche.,https://ddb.de/item/HOZ2VZOCV6WBBYG734NSFNRVDO5SFMC7,OTHER,NATURAL,short title or heading ending with period
YS7LSQTXNHULGBIOYGMPP3DQA2F67F6I,Dreyzehender Theil.,https://ddb.de/item/YS7LSQTXNHULGBIOYGMPP3DQA2F67F6I,OTHER,NATURAL,short title or heading ending with period
OUMH37U5FRAGLFSKANNI72UEDAF6AX32,Vorrede.,https://ddb.de/item/OUMH37U5FRAGLFSKANNI72UEDAF6AX32,OTHER,NOISE,single-word or fragment entry
C2VV62B4KDNP2ZBQJIEN2HRXCWJFIBRO,Das zweyte Capitel.,https://ddb.de/item/C2VV62B4KDNP2ZBQJIEN2HRXCWJFIBRO,OTHER,NATURAL,short title or heading ending with period
ZQGRM7NOX2SSELUCVA35WKNI5PKEPMSG,"Zweite Ausgabe vom Samstag, den 07. Juni 1924.",https://ddb.de/item/ZQGRM7NOX2SSELUCVA35WKNI5PKEPMSG,ORDINAL,NATURAL,date expression ending with year — not publication area close
RJL6B2WNDK4KHR6QMPVV33VEURHPHL6D,Wissenschaftlicher Abend vom 10. Juni 1899.,https://ddb.de/item/RJL6B2WNDK4KHR6QMPVV33VEURHPHL6D,ORDINAL,NATURAL,date expression ending with year — not publication area close
QXOZZFXHJR5NQIVZ6LG65JIFTYJZIIOJ,"Zweite Ausgabe vom Mittwoch, den 10. Dezember 1919.",https://ddb.de/item/QXOZZFXHJR5NQIVZ6LG65JIFTYJZIIOJ,ORDINAL,NATURAL,date expression ending with year — not publication area close
42RFUYM5MU5SK7TQQU7S6C6MY7SNNWIN,D. Thomae Fieni ... Zwölff Bücher von der Wund-Arzney-Kunst oder Chirurgia :darinnen die vornehmsten Streit-Fragen dieser Kunst abgehandelt werden ...,https://ddb.de/item/42RFUYM5MU5SK7TQQU7S6C6MY7SNNWIN,SENTENCE,NATURAL,short title or heading ending with period
ND62CWTX2PFHQKGSW2XZMCBB4XDSQNKQ,Neuntes Kapitel. Von den vollständigen Geburten.,https://ddb.de/item/ND62CWTX2PFHQKGSW2XZMCBB4XDSQNKQ,SENTENCE,NATURAL,short title or heading ending with period
2EZPLUCVAJWPGBFAIG7POXWLF3DZSYD2,"II. Das Rescriptum an die Schwerinische Justice-Cantzley, betreffend diese Kayserl. Resolution.",https://ddb.de/item/2EZPLUCVAJWPGBFAIG7POXWLF3DZSYD2,SENTENCE,NATURAL,"long prose string (≥8 tokens, no ISBD markers)"
IEUHSMIE26MQNXEEU5EJJQDAJRT25O4Y,"Ausschüsse, Verbände, Vereine usw., denen der V. d. I. als solcher angehört, oder in denen er durch ein Mitglied vertreten ist.",https://ddb.de/item/IEUHSMIE26MQNXEEU5EJJQDAJRT25O4Y,SENTENCE,NATURAL,"long prose string (≥8 tokens, no ISBD markers)"
CXDUDM4E3SVHGGU42PQCUJ5VZ5R7YPGM,Artellerie oder Geschützkunst.,https://ddb.de/item/CXDUDM4E3SVHGGU42PQCUJ5VZ5R7YPGM,OTHER,NATURAL,short title or heading ending with period
4MDAIPDH3EE2KWYTI4WH6ZPRPFHSHIWQ,"N. XXVII. Leipzig, den 4 April. - N. XXXIV. Leipzig, den 28 April.",https://ddb.de/item/4MDAIPDH3EE2KWYTI4WH6ZPRPFHSHIWQ,ISBD_CLOSE,ISBD_CLOSE,contains `. -` area separator
RFZG46ZIR7GER73MFNQ4EMXIZ4P7VLGK,"Reise von Astrachan nach Kisljar, im Januar 1770.",https://ddb.de/item/RFZG46ZIR7GER73MFNQ4EMXIZ4P7VLGK,ORDINAL,NATURAL,date expression ending with year — not publication area close
VMNHRA7QHXZUSTJQFX5X3OP3T5RRXHV3,"Verantwortung Der Christlichen vnnd wolgegründten demühtigen Supplication der Augspurgischen Confession Verwandten Bürger in deß H. Röm. Reichs Statt Cölln, an einen ... Raht daselbs, vmb gnädige Erläubnuß deß öffentlichen Exercitij jhrer Religion, [et]c. :Wider Die vngegründte Lästerschrifft Melchior Braunen ...",https://ddb.de/item/VMNHRA7QHXZUSTJQFX5X3OP3T5RRXHV3,SENTENCE,NATURAL,short title or heading ending with period
R2F3EMCTXBFEN7M4RNT22IN5ZWF47RF2,D. Feuchtigkeit der Luft.,https://ddb.de/item/R2F3EMCTXBFEN7M4RNT22IN5ZWF47RF2,OTHER,NATURAL,short title or heading ending with period
WMIRN6AH722FNTO4UUI4DQCRHMLONV3W,Reflexiones über den Wandel der Königen im Juda.,https://ddb.de/item/WMIRN6AH722FNTO4UUI4DQCRHMLONV3W,SENTENCE,NATURAL,"long prose string (≥8 tokens, no ISBD markers)"
WSWBTCDG5WQ56P5UYQXB7AONU27TMEVB,"191-203, Was ist wohl fähiger, unsre Herzen mit einem heiligen...",https://ddb.de/item/WSWBTCDG5WQ56P5UYQXB7AONU27TMEVB,SENTENCE,NOISE,single-word or fragment entry
2QYGD6PJYCSFFF2UN63OZBCFRZB2IJQ6,I. Von der Zukunft Christi ins Fleisch: Oder Advents- Lieder. - V. Von Jesu/ und dessen mannigfaltigen Namen und Aemtern.,https://ddb.de/item/2QYGD6PJYCSFFF2UN63OZBCFRZB2IJQ6,ISBD_CLOSE,ISBD_CLOSE,contains `. -` area separator
BZIPHFG3R3DB3FXDNUP5U5RXSMOWI7QY,Bekanntmachung.,https://ddb.de/item/BZIPHFG3R3DB3FXDNUP5U5RXSMOWI7QY,OTHER,NOISE,single-word or fragment entry
BIWHN5MGRQISJOU7YQUX5FISTFRQKUDE,Erstes Kapitel. Von der Pflicht und dem Verdienste in Besuchung der Kranken.,https://ddb.de/item/BIWHN5MGRQISJOU7YQUX5FISTFRQKUDE,SENTENCE,NATURAL,"long prose string (≥8 tokens, no ISBD markers)"
FOQFZGWRY5ICQVMIED4XAENX3MNT3ATS,Vierte Unterhaltung. Deutsches Seewesen in Freud' und Leid.,https://ddb.de/item/FOQFZGWRY5ICQVMIED4XAENX3MNT3ATS,SENTENCE,NATURAL,"long prose string (≥8 tokens, no ISBD markers)"
J3FJMCBPTPJZBHAMCTTSRKFXQEW7EECW,Für die fünffte Woche.,https://ddb.de/item/J3FJMCBPTPJZBHAMCTTSRKFXQEW7EECW,OTHER,NATURAL,short title or heading ending with period
FQSD4YNQRDP4GK4Y3FGNY3EYDVXQWGZN,Ein und sechzigste Gattung der Käferartigen Insekten.,https://ddb.de/item/FQSD4YNQRDP4GK4Y3FGNY3EYDVXQWGZN,SENTENCE,NATURAL,short title or heading ending with period
MP2T4SER73G3LLLNQ64JZ5X3CHLFF5EC,"Erste Ausgabe vom Freitag, den 03. April 1931.",https://ddb.de/item/MP2T4SER73G3LLLNQ64JZ5X3CHLFF5EC,ORDINAL,NATURAL,date expression ending with year — not publication area close
MZCNXRY6V2CW2644JZ57OVMRBP6GJM47,Das Lotsenwesen unter der Admiralität.,https://ddb.de/item/MZCNXRY6V2CW2644JZ57OVMRBP6GJM47,OTHER,NATURAL,short title or heading ending with period
6YHIQZUS5SC2HY7EX2MEJFYGGWI37NWG,V. Von Wundigkeit.,https://ddb.de/item/6YHIQZUS5SC2HY7EX2MEJFYGGWI37NWG,OTHER,NATURAL,short title or heading ending with period
BLXNLOCAHRD6LBXSZJLO3O36I6DRRCNO,"54-64, Klage von Minderjährigen [...]. - Klage, wenn in derselben ersten Schrift Unstände oder Beweismittel [...].",https://ddb.de/item/BLXNLOCAHRD6LBXSZJLO3O36I6DRRCNO,ISBD_CLOSE,ISBD_CLOSE,contains `. -` area separator
T5LCK2TVWU4JPNAREPHAWRQ56R5U4AF4,"Wir Christian Ludewig, Von Gottes Gnaden, Herzog zu Mecklenburg, Fürst zu Wenden, Schwerin und Ratzeburg, auch Graf zu Schwerin, der Lande Rostock und Stargard Herr. Fügen nebst respective Entbietung Unsers gnädigsten Grusses Unserer getreuen Ritter- und Landschaft samt und sonders hiemit in Gnaden zu wissen ... Frau Augusta, Herzogin zu Mecklenburg ...zu Darguhn, am 9ten dieses aus dieser Welt abzufordern ... : Datum auf Unsrer Vestung Schwerin den 10. May 1756.",https://ddb.de/item/T5LCK2TVWU4JPNAREPHAWRQ56R5U4AF4,ORDINAL,ISBD_CLOSE,trailing period after year with ISBD title-area markers
RIPAVDVGBEDJHKRJG5EHJZDZQVGTM2M4,"Herrn Philipp Hecquet, der Arzneykunst öffentlichen Lehrers, und der medicinischen Facultät zu Paris ersten Vorstehers Arzney und Chirurgie der Armen. Oder: allgemeines und sehr nützliches Hausarzneybuch für den Bürger und Landmann : in welchem leichte und bewährte Mittel, die sowohl innerliche als äußerliche Krankheiten und Gebrechen des menschlichen Leibes sicher und geschwind zu heilen, an die Hand gegeben werden : Aus dem Französischen übersetzt.",https://ddb.de/item/RIPAVDVGBEDJHKRJG5EHJZDZQVGTM2M4,SENTENCE,NATURAL,short title or heading ending with period
FH2VMHJHR4EYFQA2IWNK7W3LUSFV4KTF,Gutachten von Karl Alexander von Reichlin-Meldegg.,https://ddb.de/item/FH2VMHJHR4EYFQA2IWNK7W3LUSFV4KTF,SENTENCE,NATURAL,short title or heading ending with period
T6SCZ4HV3BJJBKBG3U364BSDGQ35337O,Vereinsnachrichten.,https://ddb.de/item/T6SCZ4HV3BJJBKBG3U364BSDGQ35337O,OTHER,NOISE,single-word or fragment entry
J5MTMBMU3CHEF732E4VIAJFH3K2ZYM4M,180. Die Luther'sche Lehre.,https://ddb.de/item/J5MTMBMU3CHEF732E4VIAJFH3K2ZYM4M,OTHER,NATURAL,short title or heading ending with period
UXWKYYH35HZYDDXEJWKKY3CJ3P3HWLVL,"Zweytes Kapitel. Begebenheiten Philipp des Zweyten oder des Jüngern zu Rheinfels, von seinem 1567 erfolgten Regierungsantritt, bis auf seinen im Jahr 1583 erfolgten Tod ...",https://ddb.de/item/UXWKYYH35HZYDDXEJWKKY3CJ3P3HWLVL,SENTENCE,NATURAL,"long prose string (≥8 tokens, no ISBD markers)"
3THGKOR3BVCRL5XE4HFLRTLTMNSS7N7N,Die Entstehung und Bewertung der Schanzen und Linien auf dem südlichen Schwarzwald unter besonderer Berücksichtigung des Hohlen Grabens .,https://ddb.de/item/3THGKOR3BVCRL5XE4HFLRTLTMNSS7N7N,SENTENCE,NATURAL,"long prose string (≥8 tokens, no ISBD markers)"
4ZJVDMVH4T37SEKZ6TCO64YHE3C7VQNP,Erster Abschnitt. Vom Aderlassen.,https://ddb.de/item/4ZJVDMVH4T37SEKZ6TCO64YHE3C7VQNP,OTHER,NATURAL,short title or heading ending with period
SX3QOGOZTRJNUHER4YP2OUECVYEHAGN2,"Ihre Churfürstliche Durchleucht zu Pfaltz haben zwaren wegen der von denen Königlich Preussischen Werberen in Dero Landen vielfältig verübter grober Gewaltthaten bereits verschiedentlich besonders unterm 8. Januarii, 19. Februarii und 14. Maji 1725. Dero gemessen Verordnungen ertheilet, und seynd solche in dem gantzen Land per Generalia kund gemacht worden, daß alle und jede in Dero Chur-Pfältzischen Landen betrettende Königlich-Preussische Officiers und Gemeine ohne einigen Unterschied arrestirt- und solche biß daran Seiner Churfürstl. Durchleucht wegen Dero in verschiedenen Fällen so grob verletzter Lands-Fürstlicher Hochheit und Dero Unterthanen der erlittenen Beschädigung halber vollständige Ergäntzung angediehen seyn werde, ihrem Character gemäß wohl verwahrlich auffgehalten werden sollen ... :Mannheim den 16. Januarii 1737.",https://ddb.de/item/SX3QOGOZTRJNUHER4YP2OUECVYEHAGN2,ORDINAL,ISBD_CLOSE,trailing period after year with ISBD title-area markers
RO3KVIBRQKQIVVBAVWXD7NBH5APSIBI7,"Weißeritz-Zeitung : Tageszeitung und Anzeiger für Dippoldiswalde, Schmiedeberg u. U.",https://ddb.de/item/RO3KVIBRQKQIVVBAVWXD7NBH5APSIBI7,SENTENCE,NATURAL,short title or heading ending with period
7NAPI74AAZAT27CIKTW5SXSLDIZNYHR3,William Temple Versuch von der Gesundheit und dem langen Leben.,https://ddb.de/item/7NAPI74AAZAT27CIKTW5SXSLDIZNYHR3,SENTENCE,NATURAL,"long prose string (≥8 tokens, no ISBD markers)"
WT7QZPLBUCROLFRXBY6F2RBTSQHA2GIJ,§. 19. Vormundschafft L. Carls zu Cassel An. 1663. sq.,https://ddb.de/item/WT7QZPLBUCROLFRXBY6F2RBTSQHA2GIJ,SENTENCE,NATURAL,"long prose string (≥8 tokens, no ISBD markers)"
XRXU7TOHPJQSHB75XIUMUUCZKE53S2UM,Erster Abschnitt. Beschreibung der Maschine überhaupt.,https://ddb.de/item/XRXU7TOHPJQSHB75XIUMUUCZKE53S2UM,SENTENCE,NATURAL,short title or heading ending with period
BO47IA5WDRWARXB35SX56MAI3JUF67K5,Eilfftes Gespräch.,https://ddb.de/item/BO47IA5WDRWARXB35SX56MAI3JUF67K5,OTHER,NATURAL,short title or heading ending with period
4TBNZVXUU557SE5ZSEYZDRN4JVZQET5B,"Zweite Ausgabe vom Sonntag, den 19. Februar 1933.",https://ddb.de/item/4TBNZVXUU557SE5ZSEYZDRN4JVZQET5B,ORDINAL,NATURAL,date expression ending with year — not publication area close
YPZQKIOSI2CT2JAEAGSFYBECJKA6OBQV,Verleyhung eines Hofes an Henn Breidenbach und seine Leibeserben de A. 1494. Aus einer Copey.,https://ddb.de/item/YPZQKIOSI2CT2JAEAGSFYBECJKA6OBQV,SENTENCE,NATURAL,"long prose string (≥8 tokens, no ISBD markers)"
LI4OZMHVXH7TJLU7WDX7DHC2FIBTTW4K,Ohren.,https://ddb.de/item/LI4OZMHVXH7TJLU7WDX7DHC2FIBTTW4K,OTHER,NOISE,single-word or fragment entry
O55Y4A47M6Y6FTAGKUCAMOHNH7G35NHP,217.1907: Zwickauer Anekdoten-Kalender : auf das Jahr ..,https://ddb.de/item/O55Y4A47M6Y6FTAGKUCAMOHNH7G35NHP,SENTENCE,NATURAL,short title or heading ending with period
HH34IIVVNNPZZQP4U5EYOOWDRHZHZ3YR,"Ausgabe vom Sonntag, den 09. Februar 1908.",https://ddb.de/item/HH34IIVVNNPZZQP4U5EYOOWDRHZHZ3YR,ORDINAL,NATURAL,date expression ending with year — not publication area close
VHZFJLZ46YSTTWNYPSNELVGD6H4E5PNQ,Tabelle 13. Einfuhr. Tabelle 14. Ausfuhr.,https://ddb.de/item/VHZFJLZ46YSTTWNYPSNELVGD6H4E5PNQ,SENTENCE,NATURAL,short title or heading ending with period
WIM2O3HI4EBOTMEB27HNWJAFMQ4XLY22,Bekehrung.,https://ddb.de/item/WIM2O3HI4EBOTMEB27HNWJAFMQ4XLY22,OTHER,NOISE,single-word or fragment entry
HKJ5VGKS5QDPDUQHNFQWQIKAOKPIPYIC,§ 4. Direkter Beweis des Satzes von S. Lie.,https://ddb.de/item/HKJ5VGKS5QDPDUQHNFQWQIKAOKPIPYIC,SENTENCE,NOISE,single-word or fragment entry
ADS2WTB6HBDHGGXBVOKJUAB6SV2YKWOS,1746. Verbesserter Januarius.,https://ddb.de/item/ADS2WTB6HBDHGGXBVOKJUAB6SV2YKWOS,OTHER,NATURAL,short title or heading ending with period
2KV42SG7NXRVK2OC6VZWIFY26KT2IV56,Die Erden. - Versteinerungen.,https://ddb.de/item/2KV42SG7NXRVK2OC6VZWIFY26KT2IV56,ISBD_CLOSE,ISBD_CLOSE,contains `. -` area separator
TV7ABYCJ53ELQSLY3I5Q37JM36VP4UXN,Die MOngolei.,https://ddb.de/item/TV7ABYCJ53ELQSLY3I5Q37JM36VP4UXN,OTHER,NATURAL,short title or heading ending with period
WDHGGSUMYTBBCVTE555AWBA4KY4WTPJT,"Erster Abschnitt. Beschreibung einiger kleiner Elektrisir-Maschinen, zu einem vollständigen und brauchbaren elektrischen Apparat im Kleinen.",https://ddb.de/item/WDHGGSUMYTBBCVTE555AWBA4KY4WTPJT,SENTENCE,NATURAL,"long prose string (≥8 tokens, no ISBD markers)"
LGCNU44EC6XO6WJDTSJGKYL6ZDCJVWAG,"18. 2. Theil. 6. Titel. Von Gesellschaften überhaupt, und von Korporationen und Gemeinen insbesonderheit.",https://ddb.de/item/LGCNU44EC6XO6WJDTSJGKYL6ZDCJVWAG,SENTENCE,NATURAL,"long prose string (≥8 tokens, no ISBD markers)"
CGRCVLBJ4LCSFARW5RFGROFMTWI5LYAR,Besprechung von Seidlitz´Fauna baltica ed. II.,https://ddb.de/item/CGRCVLBJ4LCSFARW5RFGROFMTWI5LYAR,SENTENCE,ORDINAL,trailing Roman numeral ordinal
3JJYOQTCH3PUGJ3GWZZDWS62W4UHXCPG,Teutsche Theologische Bücher der Reformirten.,https://ddb.de/item/3JJYOQTCH3PUGJ3GWZZDWS62W4UHXCPG,OTHER,NATURAL,short title or heading ending with period
F3RUBYTKZRI6VGNYYPUVL7O674BV6SKI,Cap. VIII. Von billiger Mäßigung der strengen Kriegsstrafen.,https://ddb.de/item/F3RUBYTKZRI6VGNYYPUVL7O674BV6SKI,SENTENCE,NATURAL,"long prose string (≥8 tokens, no ISBD markers)"
2K3DBCO2T6IYEOGTVIQ5WODSVJSRH3SY,Einberufung der bulgarischen Nationalversammlung.,https://ddb.de/item/2K3DBCO2T6IYEOGTVIQ5WODSVJSRH3SY,OTHER,NATURAL,short title or heading ending with period
2E52CK6S7SGGQLS3PHHKE7GZ53FQ2XCG,A. Luftdruck. Temperatur.,https://ddb.de/item/2E52CK6S7SGGQLS3PHHKE7GZ53FQ2XCG,OTHER,NATURAL,short title or heading ending with period
EPHSVFTGMKCVLLEZ64N4UHJW5LIRGZUB,Das Erst Mandat publicirt zu Utrecht den 11. tag. Julii 1588.,https://ddb.de/item/EPHSVFTGMKCVLLEZ64N4UHJW5LIRGZUB,ORDINAL,NATURAL,date expression ending with year — not publication area close
OFJQ6W5LM3BOS2JLDXZM5FLSDI4WPFLO,Hamburger Bugsier- und Bergungs-See-Dampfschiffe.,https://ddb.de/item/OFJQ6W5LM3BOS2JLDXZM5FLSDI4WPFLO,OTHER,NATURAL,short title or heading ending with period
OXZ3W3EY5NCYBMUJX6OI4IBVOOPFGIEI,"XV. Stück. Sonnabends: den 14. April, 1787.",https://ddb.de/item/OXZ3W3EY5NCYBMUJX6OI4IBVOOPFGIEI,ORDINAL,NATURAL,date expression ending with year — not publication area close
O4NU5N7UCSJ2BZ2XH333IBSIVBVCYXBC,"Regulativ, die Räumung der Cloackgruben betrl. : [Dresden, den 29den August 1788] ; Nach der zeitherigen Einrichtung, hat in hiesiger Residenz, der Neustadt, Friedrichstadt und den Vorstädten, das Ausräumen und die Abfuhre des Cloackmists, vom 1ten May bis mit dem 14den September gar nicht statt gefunden ...",https://ddb.de/item/O4NU5N7UCSJ2BZ2XH333IBSIVBVCYXBC,SENTENCE,NATURAL,short title or heading ending with period
BQ7DJ4YVGIQE6NB7KHAJXOM7PS3F5QCS,100. Stück.,https://ddb.de/item/BQ7DJ4YVGIQE6NB7KHAJXOM7PS3F5QCS,OTHER,NATURAL,short title or heading ending with period
XNDYOIFSSFASMRWDLYXIX5LNS72RQ5PL,Daß mann der Calumniae und Affterrede/ Schendung/ lästerung/ angeben und verleumbdung/ so auff andere geredt und außgespeyet wirdt/ nicht leichtlich glauben solle/ Oratio und zierliche Rede Luciani Samosatensis ...,https://ddb.de/item/XNDYOIFSSFASMRWDLYXIX5LNS72RQ5PL,SENTENCE,NATURAL,"long prose string (≥8 tokens, no ISBD markers)"
63ILHDOM4QLIZIYKLVTRAAB4HP6S7BST,In einem zweiten Aufsatze über die Säugethiere und Vögel der Sudeten. Isis Heft 7. finden sich folgende Druckfehler.,https://ddb.de/item/63ILHDOM4QLIZIYKLVTRAAB4HP6S7BST,SENTENCE,NATURAL,"long prose string (≥8 tokens, no ISBD markers)"
4XTVF5CHQZ5GK7R6XXUCWTNQWWH5FP4T,"Weißeritz-Zeitung : Tageszeitung und Anzeiger für Dippoldiswalde, Schmiedeberg u. U.",https://ddb.de/item/4XTVF5CHQZ5GK7R6XXUCWTNQWWH5FP4T,SENTENCE,NATURAL,short title or heading ending with period
UQRGSOC3HQG2SER55CHZUFEPHIVFVZAL,55. Der süsse Brei.,https://ddb.de/item/UQRGSOC3HQG2SER55CHZUFEPHIVFVZAL,OTHER,NATURAL,short title or heading ending with period
OYJJLZJGJGD3BPDJV7OYWVOUDMEALDVV,Dritte Haupt-Abtheilung.,https://ddb.de/item/OYJJLZJGJGD3BPDJV7OYWVOUDMEALDVV,OTHER,NATURAL,short title or heading ending with period
ZNNBVGISP4VUHV3YGMFISJDR26VARJ2U,Verbandsnachrichten und Standesinteressen.,https://ddb.de/item/ZNNBVGISP4VUHV3YGMFISJDR26VARJ2U,OTHER,NATURAL,short title or heading ending with period
64DYR7AUZGNL2OQCHQAFKCBRJVON7OQ3,"Von der Beschaffenheit, der Größe und den Ursachen der mannigfaltigen Leiden unsers Herrn und Heylandes Jesu Christi.",https://ddb.de/item/64DYR7AUZGNL2OQCHQAFKCBRJVON7OQ3,SENTENCE,NATURAL,"long prose string (≥8 tokens, no ISBD markers)"
DW5SOA5TVK2UDWIQDKEQIOLCNFNE5KYR,Der Erkennungsdienst der Kriminalpolizei.,https://ddb.de/item/DW5SOA5TVK2UDWIQDKEQIOLCNFNE5KYR,OTHER,NATURAL,short title or heading ending with period
I7A4JP3BPHZIRJ4WOZJJAPZO6XPV4SIV,Nachrichten aus den deutschen Schutzgebieten.,https://ddb.de/item/I7A4JP3BPHZIRJ4WOZJJAPZO6XPV4SIV,OTHER,NATURAL,short title or heading ending with period
VLKC4B4S6YLGX7UYOCEIQNUGBDSB7FXL,"Alexander Magnus Redivivus, Das ist: Dreyfachen Schwedischen Lorberkrantzes und Triumphirender Siegs-Krone Erster Theil : Von Des ... Herrn Gustav-Adolphi, Der Schweden ... Königlichen Majestät Hochlöbl. Königl. Geschlecht/ Ankunfft/ VorEltern/ Herrn Vater Carolo IX. Christmildester Gedächtnis/ und ... löbl. Regierung/ biß auffs 1630. Jahr/ hin und wieder in Reussen/ Moßckau und Preussen vollführten Glorwürdigsten hohen Expeditionen ...",https://ddb.de/item/VLKC4B4S6YLGX7UYOCEIQNUGBDSB7FXL,SENTENCE,NATURAL,short title or heading ending with period
SYJQVO42E7C4RZRI6R6PV2W4MOFBVZCE,Nachträge und Berichtigungen zum I. und II. Band.,https://ddb.de/item/SYJQVO42E7C4RZRI6R6PV2W4MOFBVZCE,SENTENCE,NATURAL,"long prose string (≥8 tokens, no ISBD markers)"
QXDI64C3WCJK3TWUVU6PXHCIQ3XDQRIF,Kurfürst Johann Georg II.,https://ddb.de/item/QXDI64C3WCJK3TWUVU6PXHCIQ3XDQRIF,OTHER,ORDINAL,trailing Roman numeral ordinal
ZTU7JGV3XMNYSTRVJV5UOH3NBXL7FLEX,"Von der Regeldetri überhaupt. Von den Brüchen. Vom Addiren, Subtrahiren, Multiplicieren und Dividiren in Brüchen.",https://ddb.de/item/ZTU7JGV3XMNYSTRVJV5UOH3NBXL7FLEX,SENTENCE,NATURAL,"long prose string (≥8 tokens, no ISBD markers)"
2NPV5WP44FFI7GQSZ7WG5HHXU4K5I7NX,Das Zehnte Capitel. Vom Schloß und Burg-Lehn zu Freystadt.,https://ddb.de/item/2NPV5WP44FFI7GQSZ7WG5HHXU4K5I7NX,SENTENCE,NATURAL,"long prose string (≥8 tokens, no ISBD markers)"
7SSU6TWRRMUN73BDPOHGGZW6V2GPLOXT,Nachricht.,https://ddb.de/item/7SSU6TWRRMUN73BDPOHGGZW6V2GPLOXT,OTHER,NOISE,single-word or fragment entry
NM4JGOQBWESDRLHNE7YTQJ3DGU74CP72,Die Freude am Besitz.,https://ddb.de/item/NM4JGOQBWESDRLHNE7YTQJ3DGU74CP72,OTHER,NATURAL,short title or heading ending with period
MM25PBNFUQSSQCMSB3YWXV56XM2K2YVE,Nacherinnerung.,https://ddb.de/item/MM25PBNFUQSSQCMSB3YWXV56XM2K2YVE,OTHER,NOISE,single-word or fragment entry
3EIL5R6DHZBMFABZABXLHJ7AITXS2MMP,"Copia Schreibens von Hn. Graf Magno von Castell, an Ihre Durchl. Herrn Herman Marggraf zu Baaden, de dato Brod, den 6. Sept. 1688.",https://ddb.de/item/3EIL5R6DHZBMFABZABXLHJ7AITXS2MMP,ORDINAL,NATURAL,date expression ending with year — not publication area close
NPFXJO6WMZ6BPCRXIEQEBYDJOGRZFF6A,Virgils Eklogen ...,https://ddb.de/item/NPFXJO6WMZ6BPCRXIEQEBYDJOGRZFF6A,OTHER,NATURAL,short title or heading ending with period
GJEBOP2GM3ZP7INQFQSK3CS6C2BGCNWL,Urkunden über Finkenwärder und Altenwerder.,https://ddb.de/item/GJEBOP2GM3ZP7INQFQSK3CS6C2BGCNWL,OTHER,NATURAL,short title or heading ending with period
XROJSKYS2CYLCDGEUZID4WJCQPCVB7CO,"No 37. Frankfurt a. M., den 11. September 1920. 63. Jahrgang.",https://ddb.de/item/XROJSKYS2CYLCDGEUZID4WJCQPCVB7CO,SENTENCE,NATURAL,"long prose string (≥8 tokens, no ISBD markers)"
JELLIF7ZXA42XAZWU6APY46JGZO3VX3P,"Die Heilsche Thermosänie ""Thermotor"".",https://ddb.de/item/JELLIF7ZXA42XAZWU6APY46JGZO3VX3P,OTHER,NATURAL,short title or heading ending with period
2MVYF7PV5JRRTOLWYWLTFWKYUVKSEIQR,Dritte Kalchlage. Das grosse Kalchthal.,https://ddb.de/item/2MVYF7PV5JRRTOLWYWLTFWKYUVKSEIQR,OTHER,NATURAL,short title or heading ending with period
YMI7SRW63YJSYGAFBQVRHSDVMJ3BT6ZV,Christliche Reymen Uber den zwar sehr früen/ aber doch sehligen Hintrit/ Rosinae Deß ... Hanß Lorenzeß Bürgers und Kretschmers in Breßlaw ... und Der ... Elisabeth Schmiedin Hertzvielgeliebten Töchterleins : welches den 5. Octobr. 1637. Jahres in Christo sanfft entschlaffen ...,https://ddb.de/item/YMI7SRW63YJSYGAFBQVRHSDVMJ3BT6ZV,SENTENCE,NATURAL,short title or heading ending with period
UGG4TVT22HXMBEKH47D4D4YJ2ISWX5YO,Der Neundte Artickel. Da der Beklagte auff den Ersten/ Andern/ Dritten/ oder Vierdten Termin erscheint.,https://ddb.de/item/UGG4TVT22HXMBEKH47D4D4YJ2ISWX5YO,SENTENCE,NATURAL,"long prose string (≥8 tokens, no ISBD markers)"
PNHWQCVPNVLPFTPEPBQB2JY4HLKZAFVQ,Briefkasten.,https://ddb.de/item/PNHWQCVPNVLPFTPEPBQB2JY4HLKZAFVQ,OTHER,NOISE,single-word or fragment entry
