obj_id,title,dates,dc_type,silver_tier,era,ddb_link
N3SUQQODAB34LDIBJLPIOSKKWERT3IVB,Warhaffte abbildung deß fläckens Plurs/ in den Grawen Pündten gelägen,1618,Einblattdruck|Monografie,0,pre-1700,https://www.deutsche-digitale-bibliothek.de/item/N3SUQQODAB34LDIBJLPIOSKKWERT3IVB
JGYQIPUOZYBF6HZNF7ORAZZD3Y2MFXR6,Die hundert und sieben und vierzigste Predigt,1672,Kapitel,0,pre-1700,https://www.deutsche-digitale-bibliothek.de/item/JGYQIPUOZYBF6HZNF7ORAZZD3Y2MFXR6
4FRUKZNYSPWOAH27M2SAZWCJPWTICOK7,Ein Erbermli=||che vñ Erschröckliche newe || Zeittung/ von einẽ Fünff jerigen Kind || so im Stettlein Hohen Elbe/ vnter dem || Herrn Wilhelm Mirskowzky/ geboren || ist worden/ da Gott sein gerechtes Vr=||theil vber dises Kindt gesandt hat/ das || es vom Hellischen Fewer angezündet/|| ... der bœsen Welt zum ab=||schrecken/ vom Fluchen vnd || Füllerey.|| Jm Thon.|| Kompt her zu mir ... ||,1579,Lied|Monografie,0,pre-1700,https://www.deutsche-digitale-bibliothek.de/item/4FRUKZNYSPWOAH27M2SAZWCJPWTICOK7
6NHEDMWKXAHVBTWFGPLH4GNWV6HZIULR,Glaubwirdig Abschrift Römischer Kayserlicher Mayestat Edicts vnd Mandats wider den Lüther vnd sein Anhennger,1524,Monografie,0,pre-1700,https://www.deutsche-digitale-bibliothek.de/item/6NHEDMWKXAHVBTWFGPLH4GNWV6HZIULR
NQCZV4AJ4MBVWXV2JRCDFUXBVNSLI6TJ,"Christliche Leichpredigt/ Bey dem Begräbnuß der Ehrbarn/ Ehren/ und vieltugentsamen Frawen Dorotheen, Des ... Friderici Balduini, der H. Schrifft Doctoris, bey der löblichen Universitet Wittenberg vornehmen Professoris, der Theologischen Facultet Senioris, auch Pfarrherr/ unnd Superintendenten daselbsten/ Ehelichen geliebten Hauß-Frawen : Welche Freytags den 4, Tag Octobris frühe umb 2. Uhr ... entschlaffen/ und den folgenden XVI. Sontag nach Trinitatis, welcher war der 6. Octobris, in ihr Ruhebetlein ist versetzet worden",1622,Leichenpredigt|Monografie,0,pre-1700,https://www.deutsche-digitale-bibliothek.de/item/NQCZV4AJ4MBVWXV2JRCDFUXBVNSLI6TJ
3NX3SFM765PPUOIWSH5B7JLFKJSKUEG4,Treuhertzige Warnung/ vor dem verführischen Geist der neuen Schwärmer/ Offenbarungs-Träumer und falschen Propheten,1692,Streitschrift:theol.|Monografie,0,pre-1700,https://www.deutsche-digitale-bibliothek.de/item/3NX3SFM765PPUOIWSH5B7JLFKJSKUEG4
GY6INS3PZINXZPELE4FP4ISIBNCWO2SN,"Abschiedt, So in Namen und von wegen Der Röm: Kayserl: auch zu Hungaren und Böhmen Königl: May: unsers allergnädigsten Herrn, Zwischen ... Herrn Ambrosio Spinola, Marggraffen zu Sesto ... an einem, Unnd dann ... Herrn Moritzen, Landgraffen zu Hessen ... am andern Theil, in der Churfürstlichen Stadt Bingen den 26. Martii (5. April,) verfasset und geschlossen worden",1621,Monografie,0,pre-1700,https://www.deutsche-digitale-bibliothek.de/item/GY6INS3PZINXZPELE4FP4ISIBNCWO2SN
K72M3WADIENAV7ESMOY3RBVF7OKSLQC2,Ain neues lied gemachet durch Pamphilum genge[n]||bach/ zů lob dem al[l]er hochgebornsten/ großmächtigosten. Karolo/ erwölter römisch||en Künig. Künig in Hyspanien/ Vngern/ Granaten/ Napels. [et]c. Ein geborner Ertz||hertzog in Osterreych/ Hertzog von Burgund. [et]c.|| : Ir churfürsten all gemaine. ...,1519,Lied|Einblattdruck|Monografie,0,pre-1700,https://www.deutsche-digitale-bibliothek.de/item/K72M3WADIENAV7ESMOY3RBVF7OKSLQC2
JB5T7M47ZZRCYMUILZMTSGRNUZQYX5B3,Bogenberg/ Unser lieben Frawen Gottshauß/ in deß Durchleuchtigen/ Hochgebornen Fürsten und Herrn/ Herrn Maximiliani/ Pfaltzgrafen bey Rhein/ Hertzog in Obern unnd Nidern Beyrn [et]c. Landt/ Regenspurger Bistumbs gelegen. Was für mercklicher Gnaden und Wunderzeichen/ daselbsten nun etlich Jahr her/ auß Fürbitt Marie der Mutter Gottes geschehen seyndt : Jetzt aber vonn Andächtiger Leut Bitt wegen/ Der Ehrwürdig in Gott Vatter unnd Herr/ Herr Christoff Abbt zu Oberaltäch/ als Oberster Pfarrherr ermelten Gottshauß zu trucken vergunt hat,1602,Monografie,0,pre-1700,https://www.deutsche-digitale-bibliothek.de/item/JB5T7M47ZZRCYMUILZMTSGRNUZQYX5B3
GTVDNV4QWTLXFU45Z4WUCQLPJVPTKDU2,Eine kurtze einfeltige doch Christliche Leichpredigt uber den kurtzen Spruch des H. und gedültigen Hiobs aus seinem Buch am 14. Capitel ... : Bey dem Begräbnüs Des Edlen Tugentsamen zarten Rößleins Annaemariae Des ... Johan Friedrichs von Oppen ... Und der Edlen Tugendreichen Jungfrawen/ Hedwigen/ beider Adelichen Eheleuten liebes zartes Töchterlein ... welches den 1. Martii allhier zu Friederßdorff an den Masern gestorben/ und den 6. Martii ist ... begraben worden ihres alters im 4. Jahr/ etc.,1610,Leichenpredigt|Monografie,0,pre-1700,https://www.deutsche-digitale-bibliothek.de/item/GTVDNV4QWTLXFU45Z4WUCQLPJVPTKDU2
ARMT3JH6GQDCJA3VOFPZIVNCCQFFII6L,"Marsilianische Historia :Summarischer bericht dessen, so sich mit, ... der Statt Marsilia, inn disem noch wehrenden Krieg, zwischen Heinrico dem IIII. diß namens, Koenig inn Franckreich vnd Nauarra, auch Philippo dem Koenig in Hispania, zugetragen, wie auch endtlich angeregte Stat, auff den 17. tag des monats Februarij, ... durch den Hertzogen von Guysa eingenom[m]en ...",1596,Monografie,0,pre-1700,https://www.deutsche-digitale-bibliothek.de/item/ARMT3JH6GQDCJA3VOFPZIVNCCQFFII6L
H5ZFSJUCCI33FK7QLAZEAH5PMOQISUQE,"Das VII. Capitel. Von Aussen-Wercken in specie, das ist/ von allerhand Ravelinen/ halben Monden/ Contraguarden, Tenaillen, Horn- und Corn-Wercken/ sowohl nach der courantesten Holländischen und Französischen Manier/ als auch nach den heut-tägigen Verbesserungen unterschiedlicher Ingenieurs.",1687,Kapitel,0,pre-1700,https://www.deutsche-digitale-bibliothek.de/item/H5ZFSJUCCI33FK7QLAZEAH5PMOQISUQE
DMGTNTQ2Y56T7QTTQH4WCXR5WLRCYIFB,Warnunge D. Martini Lutheri/ an seine lieben Teutschen.,1599,Abschnitt,0,pre-1700,https://www.deutsche-digitale-bibliothek.de/item/DMGTNTQ2Y56T7QTTQH4WCXR5WLRCYIFB
ZJZBTIG5AZ6EJ2D5KH4P6PHK3D5V77EI,Das Buch der Richter.,1607,Abschnitt,0,pre-1700,https://www.deutsche-digitale-bibliothek.de/item/ZJZBTIG5AZ6EJ2D5KH4P6PHK3D5V77EI
BZKSM47DCHH2BCWWEDTMGAHH676GHF7G,"Gründliche Beschreibung Des Kunstbaren Orgelwercks und Grossen Fasses Auff dem Hausz Grüningen : Welche auff Befehlich des ... Henrici Iulii, Postulirten Bischoff des Stiffts Halberstadt/ und Hertzog zu Braunschweig und Lüneburg/ &c. von Anno 93. biß 98. gebawet worden",1643,Monografie,0,pre-1700,https://www.deutsche-digitale-bibliothek.de/item/BZKSM47DCHH2BCWWEDTMGAHH676GHF7G
Z5WJLSF2JYWEGEVQCAFK6Q2BW67RCQU3,Von zeitlichen Guetern,1553,Kapitel,0,pre-1700,https://www.deutsche-digitale-bibliothek.de/item/Z5WJLSF2JYWEGEVQCAFK6Q2BW67RCQU3
GNBRNGEQT3BBMWIOSWPLUAVSMDAYZ33W,"Diaskepsis Theologica, Das ist: Christliche Leichpredigt/ In welcher der 42. Psalm bey Volckreicher Versamlung/ als die Erbare und Tugendsame Frau und bekandte Bürgerin Odilia Hornungs/ Des ... Herrn Johann Ackermannes ... Ehegattin/ Nachdem sie den 23. Aprilis ... war eingeschlaffen/ Den 28. eiusdem ... begraben worden/ Erkläret ...",1658,Leichenpredigt|Monografie,0,pre-1700,https://www.deutsche-digitale-bibliothek.de/item/GNBRNGEQT3BBMWIOSWPLUAVSMDAYZ33W
FQJSEVETBARZRJY6MSLVHDAXCYJNWCNN,"1v-2v, Copia Allerunterthänigsten Intercession-Schreibens ...",1649,Kapitel,0,pre-1700,https://www.deutsche-digitale-bibliothek.de/item/FQJSEVETBARZRJY6MSLVHDAXCYJNWCNN
5MKXWXINEDRXOSKVTLRI2DQOQ6SFFXAX,Der Lxvj. Deus Misereatur|| : Es wolt vnß Gott genedig sein/ vnd seynen segen ge||ben/ ...,1524,Lied|Einblattdruck|Monografie,0,pre-1700,https://www.deutsche-digitale-bibliothek.de/item/5MKXWXINEDRXOSKVTLRI2DQOQ6SFFXAX
DPJQRI7NKRBS4QFCDTOJ6IENA2N3S7HW,Christliches Ehren-Gedächtnüß Des weyland WohlEhrwürdigen/ Großachtbaren und Hochwohlgelahrten/ Herrn M. Johann Caspar Schadens ...,1698,Leichenpredigt|Monografie,0,pre-1700,https://www.deutsche-digitale-bibliothek.de/item/DPJQRI7NKRBS4QFCDTOJ6IENA2N3S7HW
RMCAIN7XBEU6WVDFHTHTOAYA2ZJQ7AI6,Der fünffte Beweis-Grund ...,1692,Kapitel,0,pre-1700,https://www.deutsche-digitale-bibliothek.de/item/RMCAIN7XBEU6WVDFHTHTOAYA2ZJQ7AI6
5KPA3OZ2GY3LW24HA3J3QGD4TJ7QLI4X,Das dritte Lied. Jm Thon: Wenn mein Stündlein vorhanden ist.,1631,Lied|Beigefügtes oder enthaltenes Werk,0,pre-1700,https://www.deutsche-digitale-bibliothek.de/item/5KPA3OZ2GY3LW24HA3J3QGD4TJ7QLI4X
KG27TSLPEIQHRWYHRU65B26IOLO5EF2W,"Als Die Seelge Himmels-Braut/ Die Edle und Tugendgläntzende Jungfer Dorothea Margaretha/ Des Wol-Edlen/ Vesten und Hochgelahrten Herrn Dieterich Butten/ weiland Sr. Churf. Durchl. zu Brandenburg hochbestallten Geheimten Krieges-Secretarii, Hinterlassene Jungfer Tochter/ Von Ihrem Hertzgeliebten Seelen-Bräutigam Jesu Christo/ Zu der himmlischen Hochzeit-Freude/ Von dieser schnöden Welt am 18. Febr. abgefordert ... setzten folgendes Am Tage des ... Leichbegängniß/ War der Sonntag Esto mihi, als der 2. Martii 1679. da der entseelete Cörper in der Kirchen zu St.Nicolai beygesetzet ward/ Der höchstbetrübten Groß-Frau-Mutter ... zu Trost Die Collegen am Gymnasio zu Berlin",1679,Gelegenheitsschrift:Tod|Monografie,0,pre-1700,https://www.deutsche-digitale-bibliothek.de/item/KG27TSLPEIQHRWYHRU65B26IOLO5EF2W
TFMNATRA4RUERRYNMSLFACBOUTF7QYQO,"Topographia Galliae, Oder Beschreibung vnd Contrafaitung der vornehmbsten, vnd bekantisten Oerter, in dem mächtigen, vnd grossen Königreich Franckreich. 13, Das Land Dauphiné, oder das Delphinat, Anhandlend und fürgestellt",1661,Band,0,pre-1700,https://www.deutsche-digitale-bibliothek.de/item/TFMNATRA4RUERRYNMSLFACBOUTF7QYQO
MSHBPQ66YYOQ2SAIJBASLQC2QOK5OYE7,XXIV. Eine Röhren zu zurichten/ auß welcher Wasser und Wein/ auch in solcher menge/ als man verlanget/ fliesset.,1688,Kapitel,0,pre-1700,https://www.deutsche-digitale-bibliothek.de/item/MSHBPQ66YYOQ2SAIJBASLQC2QOK5OYE7
5PT7IIAOSSL5O4WFIPVU2DUC5KNGR6HR,"Variorum discursuum Bohemicorum Nervus :Continuatio I ; Hussiten Glock ; Discurs, ob die Evangelischen böhm. Stände vertilgt werden können",1618,Monografie,0,pre-1700,https://www.deutsche-digitale-bibliothek.de/item/5PT7IIAOSSL5O4WFIPVU2DUC5KNGR6HR
4JG3CDACQXSXXEFIQEKEFG2O722D36P3,XIV. Lobt des Herren werten Nam' [mit hss. Notentext],1616,Abschnitt,0,pre-1700,https://www.deutsche-digitale-bibliothek.de/item/4JG3CDACQXSXXEFIQEKEFG2O722D36P3
SF4XWUICBSM4HA5HZ5XPKVVHMLLN6F4S,Iustus Electoralis Saxonicus Fasciculo Viventium Involutus :Fünff Christliche Klag und TrostPredigten/ uber den Tödtlichen hochbekümmerten Abschied/ des Weiland: Durchlauchtigsten ... Herrn Christiani deß Andern/ Hertzogen zu Sachsen/ ... des Heiligen Römischen Reichs Ertzmarschaln und Churfürsten/ ... Alß S. Churf. G. in der Schloßkirchen zu Dreßden nieder/ auch folgends zu Freibergk in der DomKirchen/ beygesetzt worden/ auß den vierten Capitel des Buchs der Weißheit/ und den fünff und zwantzigsten Capitel/ des ersten Buchs Samuelis/ gethan,1612,Monografie,0,pre-1700,https://www.deutsche-digitale-bibliothek.de/item/SF4XWUICBSM4HA5HZ5XPKVVHMLLN6F4S
XSYNKDHOUL4B4IEGDZWQIK7LPRGEFIN5,"Widerruff Das die Münch vnd Pfaffen im Hertzogthumb Bayern, wider das Zeugnuß jres Gewissens vnd die geoffenbarte Warheit Bäpstisch sein und bleiben wöllen :In wölchem gehandelt würt, von den fürnembsten und allen Menschen nötigsten Artickeln vnserer Christlichen Religion, Nämlich von vergebung der Sünden, vnd vergwissung vnser Seligkeit, allein durch den einigen verdienst Christi ; Wider D. Lautherium vnd Frater Johann Naß gestellet",1569,Monografie,0,pre-1700,https://www.deutsche-digitale-bibliothek.de/item/XSYNKDHOUL4B4IEGDZWQIK7LPRGEFIN5
ESPBBT6L5CKY4HDRUTCB4C3LP5YWX5N7,Confessio || oder Bekantnus des || Glaubens/ etlicher || Fürsten vnd Stedte/ Vberant=||wort Keiserlicher Maiestat/ auff || dem Reichstag/ gehalten || zu Augspurg/|| Anno 1530.|| Apologia der Confessio/|| mit vleis emendirt.|| ... ||[v.(Philip=||pus Melanthon.||)](aus dem Latin || verdeudschet/|| durch D.|| Justum Jonam.||),1540,Kommentar: theol.|Monografie,0,pre-1700,https://www.deutsche-digitale-bibliothek.de/item/ESPBBT6L5CKY4HDRUTCB4C3LP5YWX5N7
AAYNSBYQN6T3ZSBIVT6IO2J6BS53UTC5,"Vnser von Gotts gnaden Johans Friedrichen Hertzogen zu Sachssen vnd Churfürsten etc. Burggrauen zu Magdeburg Vnd Philipsen Landgrauen zu Hessen, Grauen zu CatzenElnbogen etc. Warhafftiger vnd bestendiger vnterricht der sachen darumb wir beide vns jnn kriegsrüstung zu schutz vnd beschirmung vnser Einungs vnd schutzverwandten Stedte nemlich Gosslar vnd Braunschweig widder Hertzog Heinrichs der sich den Jüngern von Braunschweig nennen thut thetliche vnd Landfriedbrüchige auch Römischer Keyserlicher vnd Königlicher Maiestaten vnser aller vnd gnedigsten herrn gescheffte gebot vnd beuehlich widderige handelungen vnvormeidelichen haben einlassen müssen ...",1542,Monografie,0,pre-1700,https://www.deutsche-digitale-bibliothek.de/item/AAYNSBYQN6T3ZSBIVT6IO2J6BS53UTC5
UOITQ5NGZ4WV6OMHU6K5LEVANIRJNG2B,Teutsche Musicalische Bücher.,1685,Abschnitt,0,pre-1700,https://www.deutsche-digitale-bibliothek.de/item/UOITQ5NGZ4WV6OMHU6K5LEVANIRJNG2B
ND4VZ7OSVVXK2XAZ2EFMVWL7X3OHQESK,"Die XXXII. Betrachtung, Von dem bußfertigen Schächer, der bekehrten Mörder",1693,Kapitel,0,pre-1700,https://www.deutsche-digitale-bibliothek.de/item/ND4VZ7OSVVXK2XAZ2EFMVWL7X3OHQESK
OGLSP225XB2KNE6DNIRYZPGBC2GVAGMY,"Verzeichnuß Der Durchleuchtigisten, Hochgebornen Fürsten vnd Herren, Herren Hanß Georgen Churfürsten zu Sachsen, [et]c. und Johan Sigmundt Churfürsten zu Brandenburg, [et]c. ... Einzug, zu Naumburg auff die Churfürstl. versamblung, An. 1614.",1614,Monografie,0,pre-1700,https://www.deutsche-digitale-bibliothek.de/item/OGLSP225XB2KNE6DNIRYZPGBC2GVAGMY
UYNBPF266MMNFJ6VOAIWEK3A6IEAOIDN,Unterthänigster Glückwunsch/ Welchen Bey antretendem Neuen Jahr Der Durchläuchtigsten Fürstin und Frauen/ Frauen Sophia Charlotta/ Marggräffin und Chur-Fürstin zu Brandenburg/ gebohrenen Hertzogin zu Braunschweig und Lüneburg ... Meiner Allergnädigsten Chur-Fürstin und Frauen in tieffstem Gehorsam abgestattet,1695,Gelegenheitsschrift:Neujahr|Lyrik|Einblattdruck|Monografie,0,pre-1700,https://www.deutsche-digitale-bibliothek.de/item/UYNBPF266MMNFJ6VOAIWEK3A6IEAOIDN
477T7RASGRPLWCBKVBMJP2HQ3T5IPMXY,Die siebend Lection. Sicut in Adam &c.,1591,Abschnitt,0,pre-1700,https://www.deutsche-digitale-bibliothek.de/item/477T7RASGRPLWCBKVBMJP2HQ3T5IPMXY
L3JKQDERRA2TTO3YAQYDJI4SNYIN2JDD,11. Was ursach der Centner zum probirn auff 100. pfundt gerechnet ist.,1565,Kapitel,0,pre-1700,https://www.deutsche-digitale-bibliothek.de/item/L3JKQDERRA2TTO3YAQYDJI4SNYIN2JDD
DSFMPM7P6LKPFSKO6UK53OUUSJUCRI3B,Der Siebend Grund. Sprüche der Schrifft von der Rechtfertigung.,1568,Abschnitt,0,pre-1700,https://www.deutsche-digitale-bibliothek.de/item/DSFMPM7P6LKPFSKO6UK53OUUSJUCRI3B
CEUDFVQZC5UHBAVBDJHSZRCDVVLTURH6,Gott trowet denen/ Die das Evangelium lang gehöret haben,1560,Abschnitt,0,pre-1700,https://www.deutsche-digitale-bibliothek.de/item/CEUDFVQZC5UHBAVBDJHSZRCDVVLTURH6
DVRFKGISON7GC3FVPYXDQO7IJQHGWUDJ,Wie der Tewrdanck auf dem Gemsen Zeid am durchlassen der wynndt erhub und überausz wolt geworffen haben des Er sich aber durch sein schicklichhait enthielt,1517,Abschnitt,0,pre-1700,https://www.deutsche-digitale-bibliothek.de/item/DVRFKGISON7GC3FVPYXDQO7IJQHGWUDJ
S4SOAA6RBKBPWWDZEWPMHBJ3SS64IAYC,Folgen schöne Sprüche der lieben Väter ...,1585,Kapitel,0,pre-1700,https://www.deutsche-digitale-bibliothek.de/item/S4SOAA6RBKBPWWDZEWPMHBJ3SS64IAYC
YMVRH3NVBPNJP3JK2RPALP56DC4YAAJV,Zwantzigste Beweisung. Wieder Neunzehende Nachsinnung ...,1672,Kapitel,0,pre-1700,https://www.deutsche-digitale-bibliothek.de/item/YMVRH3NVBPNJP3JK2RPALP56DC4YAAJV
STAMYWTVZOO3JZDIM2KYFRAMCVL55JV5,"Eyn huebsch Geystlich || Liedt, von den siben gezeyten || des Tags, Patris Sapi-||entia genandt.||",1560,Lied|Monografie,0,pre-1700,https://www.deutsche-digitale-bibliothek.de/item/STAMYWTVZOO3JZDIM2KYFRAMCVL55JV5
MMKC2JUYYKVQAGPEQRG5H6XGANJXQMZI,"Teutsche Staats-Geographie :Jn welcher Aller Europaeischen Potentaten und Republiqven Königreiche, Hertzog- und Fürstenthümer, Landschafften, Provintzen ... und erfolgten Veränderungen; Jngleichen Denen Namen der bißherigen Regenten ... vorgestellet werden",1687,Monografie,0,pre-1700,https://www.deutsche-digitale-bibliothek.de/item/MMKC2JUYYKVQAGPEQRG5H6XGANJXQMZI
MAHJBNAI76EGOTMRPG3OGMY5ZY4O66GE,O Der betrübten Stund! In der Ich tausend Trähnen ...,1650,Abschnitt,0,pre-1700,https://www.deutsche-digitale-bibliothek.de/item/MAHJBNAI76EGOTMRPG3OGMY5ZY4O66GE
TKB3BCDSR4PL7EJPXMQVFVJPY3UXKNYG,Ein ander Gesang. ||,1560,Lied|Beigefügtes oder enthaltenes Werk,0,pre-1700,https://www.deutsche-digitale-bibliothek.de/item/TKB3BCDSR4PL7EJPXMQVFVJPY3UXKNYG
JZ5L45KXZEMFUNOC3E3JKSUBO3JPUZDH,Titul. XX. Von dem Beweiß einer Gewohnheit durch Advocaten.,1694,Abschnitt,0,pre-1700,https://www.deutsche-digitale-bibliothek.de/item/JZ5L45KXZEMFUNOC3E3JKSUBO3JPUZDH
RQCWXXTRA4PUJF4G775R4JHVBVVACNHV,Ein schœn new || Lied/ von dem Bruder || Conradt/ Geist=||lich.||,1560,Lied|Monografie,0,pre-1700,https://www.deutsche-digitale-bibliothek.de/item/RQCWXXTRA4PUJF4G775R4JHVBVVACNHV
H6YHP5TBNO5HYPI7XFUK7HNK7BCKRI3I,Ist nicht Ephraim mein thewrer Sohn,1623,Musik,0,pre-1700,https://www.deutsche-digitale-bibliothek.de/item/H6YHP5TBNO5HYPI7XFUK7HNK7BCKRI3I
CHBDWSAAL6Y4YHXNAXVJ2QVPFX5RM5TH,Das 53. Capittel Jesaia,1690,Kapitel,0,pre-1700,https://www.deutsche-digitale-bibliothek.de/item/CHBDWSAAL6Y4YHXNAXVJ2QVPFX5RM5TH
LXLDGQ2ASCWL65D4ENVDKTSPGBBE32U3,Fühnisches Interscenium Der Schwedischen Krieges Tragoedien : Geschrieben auß Utopia,1660,Satire|Flugschrift|Monografie,0,pre-1700,https://www.deutsche-digitale-bibliothek.de/item/LXLDGQ2ASCWL65D4ENVDKTSPGBBE32U3
6H7YAKW5L5M6ISJHH2RETBN4FKSMTKIR,"Ihre Churfürstliche Durchlauchtigkeit Die Churfürstin, An Seine Churfürstliche Durchlautigkeit, Uber Dero Geburts- und Ihren eigenen Namens-Tag, Das beyde auff einen Tag Den 6. Febr. allezeit einfallen ...",1688,Monografie,0,pre-1700,https://www.deutsche-digitale-bibliothek.de/item/6H7YAKW5L5M6ISJHH2RETBN4FKSMTKIR
SJPQLE47AU3ZMVMOC3FQVTLQGMKELL7W,Vom 3. Blat der grossen Welt dem Element des Lufft.,1688,Kapitel,0,pre-1700,https://www.deutsche-digitale-bibliothek.de/item/SJPQLE47AU3ZMVMOC3FQVTLQGMKELL7W
6FAVZ4JHT6IHQ5KHHSK2SZA2RBRA7E4S,"Memorial Für die Hrrren Courtin und Barillon, Der Königlichen Majestät in Franckreich Ambassadeurs, und Plenipotentiarii, oder Gevollmächtigte zu den Friedens-Tractaten zu Cölln :Aus dem Niederländischen ins Teutsche übersetzet",1674,Monografie,0,pre-1700,https://www.deutsche-digitale-bibliothek.de/item/6FAVZ4JHT6IHQ5KHHSK2SZA2RBRA7E4S
UNPSZIA6RCXMGMF3Z5LA2PYW4FHRK53F,"Wahre Eigenschafften recht-Gottseeliger Menschen Von Dem Außerkohrnen unter den Kindern Israel/ dem Mann nach dem Hertzen Gottes/ David/ in dem LXIII. Psalm/ vs. 6. 7. 8. 9. gar eigendlich abgebildet : Bey ... Leich-Begängnuß Der ... Fr. Anna Agneß gebohrnen Haußbrandinn/ Des ... Herrn Johann Steinigern/ genand von Schönkirch ... Ministri und Residenten, Hertzliebsten Ehegenossen: Welche den 3. Martii ... entschlaffen/ und den 24. desselben ... in der hiesigen Königl. Hauptkirchen S. Petri ... beygesetzet worden",1664,Leichenpredigt|Monografie,0,pre-1700,https://www.deutsche-digitale-bibliothek.de/item/UNPSZIA6RCXMGMF3Z5LA2PYW4FHRK53F
DK4FOUUBQDVDI2KV27NCNHNHJZIFB3WW,Wunder-Spiel Gottes im Verstecken Und des Glaubens im Entdecken/ Aus Hiob. X. 13. Bey ansehnlicher Leich-Bestätigung Der ... Frauen Dorotheen Sophien/ gebohrner Fromholdin/ Seel. Herrn Heinrich Bergmans ... nachgelassener Fr. Wittib/ Als ihr verblichener Cörper am 6. Sept. ... in sein Ruh-Kämmerlein gebracht ward ...,1685,Leichenpredigt|Monografie,0,pre-1700,https://www.deutsche-digitale-bibliothek.de/item/DK4FOUUBQDVDI2KV27NCNHNHJZIFB3WW
OYZWNR7CKIPRKTFXAFPIYKMXQ5PRQNOA,Der Jesuwidder Procurator Johan Alber zu Ingolstad :Was derselbige guts herfür bringe von der newen Jesuwiddrischen sect ; Antworts weiß gestellet auff des selben Procurators Buch,1563,Monografie,0,pre-1700,https://www.deutsche-digitale-bibliothek.de/item/OYZWNR7CKIPRKTFXAFPIYKMXQ5PRQNOA
3PJAHDEEX7UGU6INW4FEN3CDOTNH7BAF,"Perversa ultimi seculi militia :oder Kriegs-Belial, Der Soldaten-Teuffel, Nach Gottes Wort und gemeinem Lauff der letzten Zeit beschrieben",1641,Monografie,0,pre-1700,https://www.deutsche-digitale-bibliothek.de/item/3PJAHDEEX7UGU6INW4FEN3CDOTNH7BAF
F5DBOYKJ7T4PPKGL72X22JQMXPU3VEOA,Das VII. Capitel. Von der Zeit/wann der Garten zuzurichten.,1679,Kapitel,0,pre-1700,https://www.deutsche-digitale-bibliothek.de/item/F5DBOYKJ7T4PPKGL72X22JQMXPU3VEOA
R7JGFK5J7ZAWVXE4CRTZXSXAG4GLVC6M,Vom ersten Probstück,1607,Kapitel,0,pre-1700,https://www.deutsche-digitale-bibliothek.de/item/R7JGFK5J7ZAWVXE4CRTZXSXAG4GLVC6M
5JWMPCMZ2WMQZIAZ3LTKHOWUGN33DY2Y,Von dem stand der kind=||lein so on die tauff vorscheyden [et]c.|| D.Eberhardus || Weydenszee.||,1525,Flugschrift|Monografie,0,pre-1700,https://www.deutsche-digitale-bibliothek.de/item/5JWMPCMZ2WMQZIAZ3LTKHOWUGN33DY2Y
YXCZIN22FJOK6MOTFNSNNIKKJQHKRONJ,Dem Edlen Gestrengen und Ehrnvesten N. N. meinem günstigen Herrn und Freunde.,1585,Abschnitt,0,pre-1700,https://www.deutsche-digitale-bibliothek.de/item/YXCZIN22FJOK6MOTFNSNNIKKJQHKRONJ
VHXRNWERZICG2AYDHWPZ3BSEXLK37BQB,"Die wunderlichst unerhörtest Legend und Beschreibung des Abgeführten, Quartirten, Gevierten vnd Viereckechten vierhörnigen Hütleins ... der Jesuiten :In Versen",1580,Monografie,0,pre-1700,https://www.deutsche-digitale-bibliothek.de/item/VHXRNWERZICG2AYDHWPZ3BSEXLK37BQB
ALENXGP457JTONLPUSVTLLEVMFO4YAQJ,Der dritte Theil der Artickel des Glaubens. Von Gott dem H. Geist/ und unserer Heiligung.,1593,Abschnitt,0,pre-1700,https://www.deutsche-digitale-bibliothek.de/item/ALENXGP457JTONLPUSVTLLEVMFO4YAQJ
ZVVT5ZP3XMWOZYAN7YDHP75IKKC4GI2D,"[Nachtrag, Mitte 15. Jh.:] Tilemannus Ryke unde Hermannus Waltbach, dy ratismeistere, sint komen [...] eyn eigen in der Merkelynes strasze, genannt czu der wyntrubil, mit alleme rechten, als daz ire was.",1308,Abschnitt,0,pre-1700,https://www.deutsche-digitale-bibliothek.de/item/ZVVT5ZP3XMWOZYAN7YDHP75IKKC4GI2D
JE27MT3LWIW2UCCM5R42CYGSWVWW2WQX,Ander Teihl des Jugend-Spiegels.,1643,Abschnitt,0,pre-1700,https://www.deutsche-digitale-bibliothek.de/item/JE27MT3LWIW2UCCM5R42CYGSWVWW2WQX
J6H4XPBHKFANLFIJAAYSRSPTW7MKBGDB,Verzeichnus der Herren Spital-Pflegere/ deß Neuen Spitals zum Heil. Geist allhier in Nürnberg/ in welchem Jahr ein jeder solche Pfleg angetretten,1680,Einblattdruck|Monografie,0,pre-1700,https://www.deutsche-digitale-bibliothek.de/item/J6H4XPBHKFANLFIJAAYSRSPTW7MKBGDB
T27VPEETGBOLLJK2AVRISC6ODJ4CP6CQ,An den gutherzigen Leser,1621,Kapitel,0,pre-1700,https://www.deutsche-digitale-bibliothek.de/item/T27VPEETGBOLLJK2AVRISC6ODJ4CP6CQ
ZD3YFY3KZQ43NFQG7SOMJWO6B6L6O6QQ,Spiegel oder die Sprüche Salomonis :nach den zehen Geboten Gottes ordentlich alle zusammen gesetzt ...,1538,Monografie,0,pre-1700,https://www.deutsche-digitale-bibliothek.de/item/ZD3YFY3KZQ43NFQG7SOMJWO6B6L6O6QQ
GSTUYXTIIAK7QA3VJNDSCUQCQV247LK6,Ein ander Liedt. ||,1560,Lied|Beigefügtes oder enthaltenes Werk,0,pre-1700,https://www.deutsche-digitale-bibliothek.de/item/GSTUYXTIIAK7QA3VJNDSCUQCQV247LK6
QGETKGKXYR75APAEYAUYRLXBZSHHIJ3W,Eigentlicher Abriß der Weitberümbten Statt Hertzogenbusch in Braband : wie dieselbige belagert/ vnd von ihr Excell. Heinrich Friderichen Printzen von Vranien den 8. vnd 18. Sept. zur Auffgebung bezwungen/ vnd wie beyderseits der Accord getroffen/ mit fleiß vermeldt,1632,Einblattdruck|Monografie,0,pre-1700,https://www.deutsche-digitale-bibliothek.de/item/QGETKGKXYR75APAEYAUYRLXBZSHHIJ3W
AK3SELT76VPZ43GC3YSATXW4S3HKTUFC,Religions Fried Zwischen der Augspurgischen Confession Verwandten Ständen/ von den Bäpstischen: in dem Passawischen vertrag anno M. D. LII. erstlich bewilligt ...,1599,Abschnitt,0,pre-1700,https://www.deutsche-digitale-bibliothek.de/item/AK3SELT76VPZ43GC3YSATXW4S3HKTUFC
QSYNIZ6X33Z4FRLUYAG7J4H5ZWPKLHL2,"Register, Der jenigen Länder, Völcker, Stätt, Oehrter, Flüß, Berg, und anderer Dingen, welche in disem Geographischen Wercklein begriffen seynd ...",1673,Index,0,pre-1700,https://www.deutsche-digitale-bibliothek.de/item/QSYNIZ6X33Z4FRLUYAG7J4H5ZWPKLHL2
F26BUNGMAWURL26UXAYSR35ILAAMJVK5,"Verbündniß mit der Hochlöblichsten Cron Schweden Freyen Reichs Ritterschafft, geschehen Im Jahr 1633",1633,Monografie,0,pre-1700,https://www.deutsche-digitale-bibliothek.de/item/F26BUNGMAWURL26UXAYSR35ILAAMJVK5
GOLJYMLGHE4KS3FQI5VSK7V7OTGGJQKL,Warhaffter vnd be=||stendiger bericht von dem Christli=||chen ende/ vnd seligem abschiede ... || des ... || Herrn Hermans || Ertzbischoffen zu Cölln vnd Chur||fürsten/ etc. Anno 1552 den || 15. Augusti/ des morgens || vmb die Neundte || stunde.|| Durch mich Johan Alstorffen || verkündiger des worts Gottes zu || Wied/ kurtzlich begriffen.||,1553,Leichenpredigt|Monografie,0,pre-1700,https://www.deutsche-digitale-bibliothek.de/item/GOLJYMLGHE4KS3FQI5VSK7V7OTGGJQKL
LL5XJQVG2HEWOJHYM6TR3UJFH4NR25JC,Deß wolgeachten/ Ehrsamen/ und Weisen Herrens/ Hansen Luthers/ wie auch der Ehrentreichen/ und Tugentsamen Frawen Margrethen/ seiner Ehewürtin/ deß Ehrwürdigen in Gott gelehrten/ und Hocherleuchten Manns D. Martini Luthers/ aller Seeligen gedächtnus/ nach dem Leben abgebildte Contrafet : Mit angehencktem Gespräch beyder seiner Elteren,1617,Gelegenheitsschrift:Gedenken|Einblattdruck|Lyrik|Monografie,0,pre-1700,https://www.deutsche-digitale-bibliothek.de/item/LL5XJQVG2HEWOJHYM6TR3UJFH4NR25JC
FMBVUF3WETK5CJAY47Q6APMALOMLLTUJ,"Zwey Geistliche Spiel/ Tobias und Isaacs auffopfferung : Zuvor beschriben durch den verrümpten Hans Sachsen/ Jetzunder aber agiert/ zu Ehren und Lob/ auff das hochzeitlich Fest/ dem ... Verstendigen Jüngling/ H. Theobaldo Ryff Hochzeiter/ Des ... H. Andreae Ryff, des Rhats/ und Deputaten der Hochlöblichen Universitet in Basel geliebten Sohn. Auch der Tugendtreichen/ Keunschen Jungfrawen/ Gertruden Burckhardin Hochzeitterin/ Des ... Herren Theodori Burkhardi fürgeliebte Tochter",1602,Drama|Gelegenheitsschrift:Hochzeit|Monografie,0,pre-1700,https://www.deutsche-digitale-bibliothek.de/item/FMBVUF3WETK5CJAY47Q6APMALOMLLTUJ
XCXDXFZXJ3XMNUWCUONXERQZU3T7BV3V,"Consilia, sive Iudicia Theologica & Requisita Ministerii, totius Ecclesiae :New verbessert und vollständig KirchenBuch D. Philip. Hanen, DomPredigers zu Magdeburgk, Darinnen die gewöhnliche Ceremonien, neben vielen kurtzen Tauff, Einsegnung, Hochzeit ... aus Gottes Wort ... verfasset sind ... ; In Neun unterschiedtliche Tractätlein abgetheilet, deren Register, oder Sum[m]a und Inhalt im Anfang des Buchs zu finden, Auch mit einem Manual. Ministorum Ecclesiae von 12. Büchern auffs newe verbessert. 1",1647,Band,0,pre-1700,https://www.deutsche-digitale-bibliothek.de/item/XCXDXFZXJ3XMNUWCUONXERQZU3T7BV3V
ZHQRBCZJ7WTYTEAFT2A4652D2A44D57T,[Vorwort],1666,Kapitel,0,pre-1700,https://www.deutsche-digitale-bibliothek.de/item/ZHQRBCZJ7WTYTEAFT2A4652D2A44D57T
DBCVWD4MZPZUGUMFAVCPLQAIDZLP2FNT,Heubtartikel vnd fürnembste stück vnsers Christenthums mit sprüche[n] aus der heiligen schrifft beweret allen Christen nützlich widder die verfolger Göttlicher warheit,1526,Monografie,0,pre-1700,https://www.deutsche-digitale-bibliothek.de/item/DBCVWD4MZPZUGUMFAVCPLQAIDZLP2FNT
GY7ETEHAYUURY7KXAKIRNNDDLWRGI3LR,Zuom Leser ein Vorred,1557,Vorwort,0,pre-1700,https://www.deutsche-digitale-bibliothek.de/item/GY7ETEHAYUURY7KXAKIRNNDDLWRGI3LR
AWIW3AU5BM4PKHYKH3EA7RNY6K4MJO5M,Buntpapierblatt,1650,Abschnitt,0,pre-1700,https://www.deutsche-digitale-bibliothek.de/item/AWIW3AU5BM4PKHYKH3EA7RNY6K4MJO5M
N4JD5HGVIJVU2RHMTVUDGQ6NA657OIDF,Der diener singt. Der herr sey mit euch Und mit seinem geyst.,1525,Abschnitt,0,pre-1700,https://www.deutsche-digitale-bibliothek.de/item/N4JD5HGVIJVU2RHMTVUDGQ6NA657OIDF
LIEPZXPU5BFP5YA2DFS5GHRFDK3D3AU2,Der siebenzehende Punct.,1558,Kapitel,0,pre-1700,https://www.deutsche-digitale-bibliothek.de/item/LIEPZXPU5BFP5YA2DFS5GHRFDK3D3AU2
WO7U52ULD4MIRBA6NDEGMPSO7455ZJII,"Tit. XLIX. Von Den Glaubigern, welche kein dinglich Recht haben, sondern allein personaliter privilegiret seynd",1676,Kapitel,0,pre-1700,https://www.deutsche-digitale-bibliothek.de/item/WO7U52ULD4MIRBA6NDEGMPSO7455ZJII
R3T6OOC7JGTFWERGLTGY7JONSADF3EQ3,Zitat,1624,Abschnitt,0,pre-1700,https://www.deutsche-digitale-bibliothek.de/item/R3T6OOC7JGTFWERGLTGY7JONSADF3EQ3
IELZLSOM2NKIQR4VDGTYLJRXNWL2CF4Z,"Newe Zeittung, Beschreibung des grossen Wunderzeichens, Welches den dreyzehenden May dieses 1580. Jars am Himmel gesehen ist worden, von den drey Sonnen vnd drey Regenbogen ...",1580,Monografie,0,pre-1700,https://www.deutsche-digitale-bibliothek.de/item/IELZLSOM2NKIQR4VDGTYLJRXNWL2CF4Z
HFBSQR65TD66FO4U36AHZAFKZT3HTGKL,"Abriß und Muster eines Christlichen Ehemanns/ dem seine Augenlust genom[m]en worden/ Wie der 1. an seinem HochzeitTag gedencket: 2. an dem SterbTag sich bezeiget: 3. an dem BegräbnüßTag Gott dancket : Aus Hiobs Sprüchlein cap. I, 21. Der Herr hats gegeben/ der Herr hats genommen ... Bey ... Leichbestattung Der ... Margariten/ Des ... Martin Geyers, heil. Schrift Licentiati ... und bey der Kirchen zu S. Thomas daselbst wolverdienten Predigers ... Eheschatzes/ So bald ... am 20. Nov. ... entschlaffen/ und den 23. Eiusd. ... zu ihrem Ruhbettlein ... bracht worden",1654,Leichenpredigt|Monografie,0,pre-1700,https://www.deutsche-digitale-bibliothek.de/item/HFBSQR65TD66FO4U36AHZAFKZT3HTGKL
DID27DPB6NLCMZIFPB27PIGHLVCXDBED,Ein und funffzig Geistliche Andachten wahre Gottseligkeit zuerwecken/ und daß zunemen deß inwendigen Menschen zufördern,1610,Monografie,0,pre-1700,https://www.deutsche-digitale-bibliothek.de/item/DID27DPB6NLCMZIFPB27PIGHLVCXDBED
USFI3JGFZFVLPA5A556X6F7EU4Z3TRMS,"Titelseite Appendix Relationis - In Jahren 1628, 1629 und 1630 vorgangen",1630,Kapitel,0,pre-1700,https://www.deutsche-digitale-bibliothek.de/item/USFI3JGFZFVLPA5A556X6F7EU4Z3TRMS
KD7IQ2BOHBOEDS6ZYXHJL5YMN7CMIVVJ,"Das Doctor Martinus kein Adiaphorist gewesen ist, vnd das D. Pfeffinger vnd das buch on namen jhm, gewalt vnd vnrecht thut",1550,Monografie,0,pre-1700,https://www.deutsche-digitale-bibliothek.de/item/KD7IQ2BOHBOEDS6ZYXHJL5YMN7CMIVVJ
TY6KZBHWHXWNJ5PARTDYDOCVS5RBUCLO,Trawr und Trostspiegel. Oder. Kurtze und Einfeltige jedoch in Göttlicher Heyliger Schrifft wolgegründete Leichpredigt/ vom Elend dieses Lebens/ auch vom Todt/ dan auch/ wie man sich darwider trösten sol : Auß der Geschichte/ von Aufferweckung der Wittwen Sohn zu Nain/ wie dieselbige beschrieben wird Lucae 7. Cap. ; Gehalten den 5. Ianuarii bey dem Christlichen und Volckreichen Begrebnuß Des ... Curdt Ludowig von Schenings Lüdike von Schenings ... hinterlassenen einigen Sohns ... in Druck gegeben,1615,Leichenpredigt|Monografie,0,pre-1700,https://www.deutsche-digitale-bibliothek.de/item/TY6KZBHWHXWNJ5PARTDYDOCVS5RBUCLO
OVV4ME52QH54XNWV66DON6PSS2C5XZEH,LeichPredigt/ Aus den worten des Herrn Christi/ Johan. 11 : ... Beym Begräbnis des ... Herrn Johann: Finsingers/ fürnehmen Bürgers vnd Handelsmanns in Leipzig,1626,Leichenpredigt|Festbeschreibung|Monografie,0,pre-1700,https://www.deutsche-digitale-bibliothek.de/item/OVV4ME52QH54XNWV66DON6PSS2C5XZEH
YRBANV3YYMPZNMBK6K3N65BUJLSHFT4R,"Confirmation und bestettigung dieser Brüderschafft S. Annae, durch Bäbst: heylig: Gregorium, diß Namens den XIII.",1597,Kapitel,0,pre-1700,https://www.deutsche-digitale-bibliothek.de/item/YRBANV3YYMPZNMBK6K3N65BUJLSHFT4R
5BDPIIPYFBJUPQLKR6YHXGDIXFFJQGHM,Einband,1522,Kapitel,0,pre-1700,https://www.deutsche-digitale-bibliothek.de/item/5BDPIIPYFBJUPQLKR6YHXGDIXFFJQGHM
WA23UASKQOQTRYB27EXUD4BXIF2SKMPI,"Praxis Fidei Salvificae, Das ist: Ubung des Seligmachenden Glaubens/ un[d] Ernewrung des innern Menschen/ durch die Früchte des Geistes : nach den Sontages Episteln/ durchs gantze Jahr/ in welchen das Christliche Leben/ so im Glauben sol geführet werden/ so vielfältig/ und auff so mancherley Art und Weise/ durch den heiligen Geist/ der Gemeine Gottes/ zu derselbigen Erbawung und Besserung/ wird für Augen gestellet",1627,Predigtsammlung|Monografie,0,pre-1700,https://www.deutsche-digitale-bibliothek.de/item/WA23UASKQOQTRYB27EXUD4BXIF2SKMPI
CFIFRXNV5RXU7QLKQS6ERX7LC77BR4PB,"Gottes hohe Himmels-Schule :Bey ... Beerdigung Des ... Herrn M. Benjamin Stolbergks/ Der Schulen zum heiligen Creutz allhier gewesenen ... Con-Rectoris, Welcher ... dem 14. Aprilis ... eingeschlaffen/ und dem folgenden 22. selbigen Monats/ im Jahr 1662. bey der Kirchen zu unser lieben Frauen/ in sein Ruhekämmerlein ... eingesencket worden/ Daselbsten aus denen Worten des Propheten Jeremiae/ in dessen Klagliedern Cap. 3. v. 24. Der Herr ist mein Theil/ spricht meine Seele/ darumb wil ich auff Ihn hoffen. Einfältig angeführet",1662,Monografie,1,pre-1700,https://www.deutsche-digitale-bibliothek.de/item/CFIFRXNV5RXU7QLKQS6ERX7LC77BR4PB
XRILQDJPNKNA3SJZABIPCAJHBESEYDGC,"Sursum Deorsum! Oder Die alleredelste Sorgfalt Des weyland Durchlauchtigsten Fürsten und Herrn/ Herrn Johann Georgen Des Andern/ Hertzogens zu Sachsen/ Jülich/ Cleve und Berg ... : Aus Höchst-gedachter Ihrer Chur-Fürstl. Durchl. Symbolo und nach Anleitung der Worte Pauli/ Col. III,1. 2. Als Dero am 22. Augusti, Anno 1680. höchst-seeligst verblichener Leichnam ... Am 29. Eiusdem, war der XII. Sonntag nach Trinitatis, In die Kirche Auf dem Schloß Freudenstein zu Freyberg gesetzet worden",1680,Leichenpredigt|Monografie,1,pre-1700,https://www.deutsche-digitale-bibliothek.de/item/XRILQDJPNKNA3SJZABIPCAJHBESEYDGC
F3ABC6JNE3P7BNWOINDMSE7K43DMJT4Z,"Wir Friderich der Dritte/ von Gottes Gnaden/ Marggraff zu Brandenburg/ des Heil. Röm. Reichs Ertz-Cammerer und Churfürst/ in Preussen ... Geben hiermit ... zuvernehmen/ und werden dieselbe sich ohne dem zu erinnern ... was gestalt Unsers in Gott ruhenden Herrn Vaters Gnaden/ aus tragender Lands Väterlicher Vorsorge wegen des verbotenen höchstschädlichen Gold- und Silber-Handels/ dero gnädigstes Edictum unterm dato Potstam den 18. Martii 1685. nachfolgenden Inhalts haben ergehen und publiciren lassen ... : So geschehen in Unserm Haupt-Quartier zu Genappe, den 28 Iulii 7 Augusti 1690.",1690,Einblattdruck|Verordnung|Geldwesen|Monografie,1,pre-1700,https://www.deutsche-digitale-bibliothek.de/item/F3ABC6JNE3P7BNWOINDMSE7K43DMJT4Z
G4AOMFQA5C6IR6G4LLIQOCR6USEVLY53,Leichpredigt Vom Christlichen Leben/ und Seligen absterben/ deß Edeln/ Gestrengen und Ehrnvesten Christoffen von Eckersberg/ Fürstl: Durchl: Brand: [et]c. Fürnemen Raths/ und Amptmans zu Selb. : Welcher seliglich in Gott entschlaffen und verschieden/ den 4. Tag Novemb: diß 1603. Jars. Und den 14. hernacher/ in der Pfarrkirchen aldo ... begraben worden.,1603,Leichenpredigt|Monografie,1,pre-1700,https://www.deutsche-digitale-bibliothek.de/item/G4AOMFQA5C6IR6G4LLIQOCR6USEVLY53
6QGNJZ5R2QSRGSGFGATRCSLIBPRPMUDS,Daß verliebte Jesus Hertz : Aus dem 20. vers. des 3. Cap. Apoc. Bey ... Leich-Begängniß Der ... Margareten Magdalenen Lesebergs/ Des ... Conrad Hugo/ dero HochFürstl. Durchl. zu Braunsch. und Lüneburg/ wolbestalten Ambtmanns zur Stoltzenauw ... Eheliebsten/ Wie dieselbe ... am 4 Maji des itztlauffenden 1680 Jahrs ... dieser Zeitligkeit entnommen Und deren erblichener Cörper Am 11 Tage eiusd: ... zu Holtzhaußen ... beygesetzet wurde. Gezeiget,1681,Leichenpredigt|Monografie,1,pre-1700,https://www.deutsche-digitale-bibliothek.de/item/6QGNJZ5R2QSRGSGFGATRCSLIBPRPMUDS
KOAFAWHDK3X5Y7MCAGMADCO2VOJOFWXC,Daß die Underthanen fleißig in die Predigt und zur Lehr des Catechismi zugehen vermahnet : und wie die / so solchs mutwilliglich versäumen / gestrafft werden sollen,1601,Kapitel,1,pre-1700,https://www.deutsche-digitale-bibliothek.de/item/KOAFAWHDK3X5Y7MCAGMADCO2VOJOFWXC
4OGC5QNVIDSP5LIQRAVIZO5CDNVL2Z2G,"Fortitudo sui victrix :Jetzo aber durch ein offentliches Schau-Spihl vorgestellt von dem Chur-Fürst. Gymnasio der Soc. Jesu, zu Landtshuet im Monath Sept. 1680 = Christliche Starckmüthigkeit in Uberwindung seiner selbsten von einem Christlichen Helden in Mexico geübt",1680,Monografie,1,pre-1700,https://www.deutsche-digitale-bibliothek.de/item/4OGC5QNVIDSP5LIQRAVIZO5CDNVL2Z2G
BWVJNC5X6IQLELA4BYKGPI2BG7QKXMHH,Hoher Glaubens-Schild gegen die Anläuffe des Todes : Alß Des ... Dn. Carln des Eilfften/ Der Schweden/ Gothen und Wenden Königes ... Hochgeliebten Sohnes/ Des ... Hn. Carl Gustav/ Der Schweden ... Erbfürsten ... Zwischen den 3. und 4. Februarij des 1687. Jahres entseelter Leichnam/ in die Königliche Grufft und Ruhe-Kammer ... beygesetzet ward,1687,Leichenpredigt|Monografie,1,pre-1700,https://www.deutsche-digitale-bibliothek.de/item/BWVJNC5X6IQLELA4BYKGPI2BG7QKXMHH
FBVSX2ZTKDRUEFGP64RZDQZGX3RMGJNL,"Leich- und Trostpredigt Bey dem Christlichen Begräbnüß/ des weyland Edlen/ Gestrengen und Ehrnvhesten Hansen von Gohra/ Erbsassen auff Insul/ seligen : Welcher den 28. Septembris ... dieses 1611. Jahrs/ zu Eißleben/ von Gott ... abgefordert/ unnd hernach den 30. eiusdem, auff dem Gotteßacker daselbst ... zur Erden bestattet worden",1611,Leichenpredigt|Monografie,1,pre-1700,https://www.deutsche-digitale-bibliothek.de/item/FBVSX2ZTKDRUEFGP64RZDQZGX3RMGJNL
DLRXN42LT7UJNVC2VZPQFE7FOGMIBJVU,"Nobilissima Scientia, Das ist/ Die Edelste und Seeligste Wissenschafft/ welche wir müssen lieben und üben/ Aus dem Büchlein Hiobs am XIX. Cap. v. 25. &c. Ich weisz dasz mein Erlöser lebet/ [et]c. : Bey Christ-Adlicher Sepultur Der ... Fr. Sabinen Hedewig Brändin von Lindau/ gebohrner von Waldau/ Des ... Hrn. Jobst Christoph Brandes von Lindau ... Ehe-Liebsten/ Als dieselbe am ... 29. Sept. Anno 1671. ... entschlaffen/ und den 12. Novembr. ... zu dero Ruh-Kämmerlein ... gebracht worden",1671,Leichenpredigt|Monografie,1,pre-1700,https://www.deutsche-digitale-bibliothek.de/item/DLRXN42LT7UJNVC2VZPQFE7FOGMIBJVU
3BQ2FDJARSC4UC4YP6UJTL5UV56KHERS,Personalia : Bey der Fürstl. Leichbegängnüß am 30. Septembr. 1651 auff den Cantzeln nach der Leichpredigt zu verlesen,1651,Gelegenheitsschrift:Tod|Biographie|Monografie,1,pre-1700,https://www.deutsche-digitale-bibliothek.de/item/3BQ2FDJARSC4UC4YP6UJTL5UV56KHERS
LMV4GSI23TW6ZH2RZBSZOW26LLRD3VMF,Novum Collegium Concionatorium = Neue Postillen Post : darinnen außführlich von der heutigen Art zu predigen gehandelt wird,1662,Monografie,1,pre-1700,https://www.deutsche-digitale-bibliothek.de/item/LMV4GSI23TW6ZH2RZBSZOW26LLRD3VMF
I77EXMWWPZEJYTFW7KGGEMEI46CI45OY,Die Bereitwilligkeit Eines frommen Christen zum Sterben : Aus dem 1. Reg. 19. v. 4. und aus dem 31. Psal. v. 6. Zu letzter Ehr-Bezeigung Dem ... Herrn Wilhelm Adam von Mörner/ Seiner Churfürstl. Durchl. zu Brandenburg Hochbestallten Obristen zu Roß/ ... Ober-Forst-Meister und Krieges-Commissario der alten Marck ... Welcher im Jahr ... 1696 ... den 5. Octobr. ... eingeschlaffen/ hernacher aber den 17. Decemb. ... zu Niegrip in sein Erb-Begräbniß ... beygesetzet wurde,1697,Leichenpredigt|Monografie,1,pre-1700,https://www.deutsche-digitale-bibliothek.de/item/I77EXMWWPZEJYTFW7KGGEMEI46CI45OY
6WFQHN3DACHH3QWQCUXBCQHWXAC2HO5U,"Christlicher und Einfeltiger Unterricht Von Todtschlage/ Und Trost der jenigen/ denen Gott die ihrigen durch solche trawrige Fälle hinweg nimpt :Auß der Historien des Brudermordes Cains/ Bey ... Leichbegängnus ... Hansen Wächters: Welcher ... 1627. am 7. Aprilis auff dem Felde ... von einem Soldaten ... freventlicher und muthwilliger weise durchstochen und ermordet ... Unter grossem Leyd unnd Klagen gehalten in der Kirchen zu S. Jacob zu Weymar ... Von M. Johanne Hentzelman/ Vinariensi, der Kirchen daselbst Diacono",1627,Monografie,1,pre-1700,https://www.deutsche-digitale-bibliothek.de/item/6WFQHN3DACHH3QWQCUXBCQHWXAC2HO5U
MDBJSX3DFUNEEJ6MNAGSIVDOXV6IZ227,Leich-Predigt : Bey Christlicher Beerdigung Der Weyland Wohl-Edlen/ Groß- Ehr und Tugendreichen Frauen Elisabeth Margarethen Struven/ Des ... Herrn Anthon Dollen/ Gräffl. Schaumburg-Lippischen Rahts und Schaumb. Land-Rentmeisters hinterlassener Witwen/ Welche Anno 1679. den 9. Septembris sehlig ... verschieden und den 15. eiusdem in ihr Ruh-Kämmerlein zum Stadthagen ist beygesetzet/ Gehalten,1680,Leichenpredigt|Monografie,1,pre-1700,https://www.deutsche-digitale-bibliothek.de/item/MDBJSX3DFUNEEJ6MNAGSIVDOXV6IZ227
34YYTL424JSTXBEWNMEUC2PM4GJ2DE6I,"Herzliches Anliegen Und Herzliches Vergnügen : Welches Die ... Fraue Kunigunda Margreta Gograven Des ... Herrn Danielis vom Busch/ Med. Doct. und berühmten Practici, auch Vornehmen Raths-Verwandten allhie zu Minden/ Hertz-liebster Eh-Schazz/ Bei ihr empfund Da sie am 29. Ian. dieses 1663. Jahrs ... einschlieff",1663,Leichenpredigt|Monografie,1,pre-1700,https://www.deutsche-digitale-bibliothek.de/item/34YYTL424JSTXBEWNMEUC2PM4GJ2DE6I
DKHJSKUJZSSMORCO7GA2CDRZEHL6J3NC,"Trifolium Consolatorium, Oder Dreyfacher Hertzens-Trost Christlicher Eltern/ und anderer betrübten Seelen : Aus den Worten Pauli/ Rom. 14. vers. 7. 8. 9. Unser Keiner [et]c. In einer einfältigen Leichen-Predigt/ Als Des ... Pauli Höpners/ S.S. Theol. Licentiati, der Kirchen zu Leißnig ... Pastoris und Superintendentis einiges ... Söhnlein Johann Paulus Höpner/ Welches den 14. Novembr. dieses ... 1649 Jahres ... sein Leben selig beschlossen/ den folgenden 18 Nov. ... zur Ruhe gebracht worden ... mitgetheilet",1650,Leichenpredigt|Monografie,1,pre-1700,https://www.deutsche-digitale-bibliothek.de/item/DKHJSKUJZSSMORCO7GA2CDRZEHL6J3NC
DBJZRPZ6TXSSHS3U3SJXV3XN7ETFDGTE,"St. Beninus Martyrer :Welchen Jn einer schuldigen Lob- vnnd Ehrnred Auff einem Syg-fahnen Bey überbringung, vnnd großansehlicher Einbegleitung seines zu Rom newlich erfundenen vnnd erhebten heiligen Leibs mit hochfeyrtäglicher Frewdenfest-Begängnuß (wie zu end diser Predig mit mehrern denckwürdigen Vmbständ beschriben wird) in dem weitberühmbten, Hoch-Lobwürdigen Gottshauß, vnnd Premonstratenser-Abbtey der Regulirten Chorherren St. Norberti zu Steingaden, Den 10. Tag Augusti, im Jahr 1664. zu Trost vnd Lehr aller betrübten vnnd kleinmütigen Hertzen außgebreitet, geschwungen, vnd vorgestelt hat Der Ehrwürdige P. F. Andreas von S. Theresia Barfüssiger Carmeliter, vnd Ordinari-Prediger zu München",1664,Monografie,1,pre-1700,https://www.deutsche-digitale-bibliothek.de/item/DBJZRPZ6TXSSHS3U3SJXV3XN7ETFDGTE
4SCRCX5YCR6Q6YM3J5RNHJWJK22PZOE3,Wahrer Christen Buße/ und Rewe/ Schild/ und Helm/ Trotz und Frewdigkeit/ Jammer und Elend : Bei des ... Herrn Hans Christophen von Erffa/ uff Sontheimb und Weidhausen/ Fürstl. Sächs. hochwolverordneten Hoff- und Justitien-Raths allhier/ Welcher den 6. Maii Anno 1663 ... verschieden/ und den 18. Eiusdem ... in seine Ruhekammer gebracht worden/,1663,Leichenpredigt|Monografie,1,pre-1700,https://www.deutsche-digitale-bibliothek.de/item/4SCRCX5YCR6Q6YM3J5RNHJWJK22PZOE3
KHJNFJYTP7E6M2C56FPGFR6ZNZ7X54WA,"Frommer Hertzen Creutz-Becher und Trost-Spiegel/ Aus dem Buch Hiob Cap. VI. v. 1, 2, 3, & 8. : Bey Christlicher Leich-Begängnüß Der ... Jungfrau Catharin. Elisabeth Pforrin. Des ... Herrn Johan. Georgii Pforrn/ des Raths allhier zu Schmalkalden/ und Kirchen Senioris, und seiner ... Hauß-Ehren/ Frau Anna Marien/ gebornen Keuhlin ... Tochter ... Welche den 17. Martii Anno 1668. ... entschlaffen/ und folgend den 20. eiusdem auff den hiesigen Gottes-Acker in ihr Ruhebettlein beygesetzet worden ... einfältig gewiesen/ und ... zum Druck übergeben ...",1668,Leichenpredigt|Monografie,1,pre-1700,https://www.deutsche-digitale-bibliothek.de/item/KHJNFJYTP7E6M2C56FPGFR6ZNZ7X54WA
ZAQ4WAHLYCA5POQE2CWUG6IUH5HG3WMR,Memoria Busschiana Oder Christliche Leichpredigt Uber das Sel. Absterben/ Adelichen und Hochwolansehenlichen LeichenBegäng- und Begräbniß Des ... Herrn Philip Sigismunden von dem Bussch auff Ippenburg und Harlinghausen Erbgesessen/ Fürstl. Osnabrügischen ... LandRaths : Welcher vom 20. auff den 21. Decembr. St. nov. 1657. auff dem Adelichen Hauß Haddenhausen plötzlich ... verschieden/ folgenden 13. Decembr. St. Nov. von dannen auß auff sein Adeliche Residentz nacher Ippenburg/ und dann endlich den 3. Febr. An. 1658. nach Essen zu seinem in der Kirch allda habendem Begräbniß ... gefüret und beygesetzt worden,1658,Leichenpredigt|Monografie,1,pre-1700,https://www.deutsche-digitale-bibliothek.de/item/ZAQ4WAHLYCA5POQE2CWUG6IUH5HG3WMR
TDMJVAJVCT2ZGPP5I4L7G6LXCFEINHWU,Christliche Leich-Predigt/ Uber den tröstlichen Spruch des Herrn Christi Marc. 10. v. 14. Lasset die Kindlein zu mir kommen/ &c. : Bey angeordneter Begräbnis Johannis Philippi Pfläntzels/ Des ... Philippi Pfläntzels ... Pfarrers und Seelen-Hirten in der Schney ... Söhnleins/ Welches den 30. Maii des 1664. Jahrs ... entschlaffen/ und den 2. folgenden Monats Iunii dem Gottes-Acker daselbsten zu einem Him[m]els-Pfläntzlein eingepflantzet worden/ gehalten,1665,Leichenpredigt|Monografie,1,pre-1700,https://www.deutsche-digitale-bibliothek.de/item/TDMJVAJVCT2ZGPP5I4L7G6LXCFEINHWU
SDQCCTXFOXFVCRLYSPMI4NGJPWOJIB54,Der tapffer kempffende und ritterlich überwindende und siegende Paulus : In einer kurtzen und Christlichen Leich- und Trost Sermon Als ... Herr Heinrich Kove/ Wolverdienter vieljähriger Amptman .... Welcher Anno 1669. am 3. Septembris ... entschlaffen und folgends den 26 selbiges Monats/ in der Pfarr-Kirchen zu Obsfeld .... beygesetzet worden/ aus den schönen Spruch S. Pauli 2. Tim. 4 Ich habe einen guten Kampff gekämpffet [et]c. Zu betrachten einfeltig vorgestellet,1670,Figurengedicht|Leichenpredigt|Monografie,1,pre-1700,https://www.deutsche-digitale-bibliothek.de/item/SDQCCTXFOXFVCRLYSPMI4NGJPWOJIB54
VZYY7H2YFWSJMMFGGO5G65RT6KPBGRYF,"Theatri Europaei Continuatio III. Das ist: Historischer Chronicken Dritter Theil :In sich begreiffend Eine kurze und warhaffte Beschreibung aller vornehmen, Denck- und Chronickwürdigen Geschichten, so sich hin und wieder in der gantzen Welt, in den beyden Ost- und West-Indien, sonderlich in Europa, in Franckreich, Hispanien, Italien, Groß-Britannien, Dännemarck, Schweden, Polen, Böhmen, Hungarn, Siebenbürgen, Wallachey, Moldau, auch theils Türck- und Barbarey ... In Hoch- und Nieder-Teutschland, allermeist aber im Reich Teutscher Nation ... von Anno 1633. biß 1638. inclusive ... begeben und zugetragen",1670,Monografie,1,pre-1700,https://www.deutsche-digitale-bibliothek.de/item/VZYY7H2YFWSJMMFGGO5G65RT6KPBGRYF
EPYMAZQZ6AZJN5OCLFMAIJDZHOU2NNHP,"Zwiefache Treue 1. Des mit Gott verbundenen Menschen/ 2. Des gnädig-belohnenden Gottes :Aus dem Spruch Apoc. II, 10. Sey getreu bis an den Todt/ so wil ich dir die Krone des Lebens geben; Bey ansehnlicher Leichbestattung Der ... Frauen Barbaren/ Des ... Hn. Leonhard Laubens/ Bürgers und Wohlbenahmten Handelsmans allhier zu Leipzig gewesenen Ehelichen HausFrau/ welche ... den 17. Maij dieses 1659. Jahrs die Welt gesegnet/ und den 20. eiusd. Christlich in ihr Ruhekämmerlein gebracht worden; In etwas ausgeführet ...",1659,Monografie,1,pre-1700,https://www.deutsche-digitale-bibliothek.de/item/EPYMAZQZ6AZJN5OCLFMAIJDZHOU2NNHP
YMQPAG4VMP6IHQVW2DNND3RQDFWPL5TY,Der Welt Abdanck/ Oder Absag-Brieff : Welchen der Hocherleuchtete Apostel Paulus in der Epistel an die Philipper am 3.Cap. vs. 14 abgefasset/ Und der ... Herr Jochim Podewils ... Zeit Lebens ... Dem Gemüthe nach der Welt zugeschrieben; Und bey seinem ... Absterben den 6. Jan. deß 1676. Jahres in der Churfl. Residentz Stadt Cöln an der Spree Mit seinem Tode versiegelt; Hernach den 31. Octob. lauffenden Jahrs/ bey dessen ... beysetzung in sein Erbbegräbnüß zu Wustervitz/ unterdessen in der Schloßkirchen deß Churfl. Hauses Cößlin ... Wiederholet und erklähret,1676,Leichenpredigt|Monografie,1,pre-1700,https://www.deutsche-digitale-bibliothek.de/item/YMQPAG4VMP6IHQVW2DNND3RQDFWPL5TY
QAAFKQ4OQRT2IIG5EPEBX4CY7RLPJF3D,"Als Der Hoch-Edle ... Herr Georg Reichard Hammer/ Vortrefflicher Ictus, Der Hochlöblichen Republique zu Nürnberg Hochbetrauter Consiliarius, bey hiesiger Universität weitberühmter Cod. & Jur. Feud. P. P. Antecessor Primarius und Magnifici Ictorum Ord. Senior, den 14. Febr. dieses lauffenden 1697. Jahrs aus diesem Jammerthal in die ewige Hütten aufgenommen wurde : Wolten Ihrer obliegenden Schuldigkeit gemäß Denselben mit einem Sonnet begleiten",1697,Gelegenheitsschrift:Tod|Einblattdruck|Lyrik|Monografie,1,pre-1700,https://www.deutsche-digitale-bibliothek.de/item/QAAFKQ4OQRT2IIG5EPEBX4CY7RLPJF3D
5RRN6YTX6GDRXJEBR5HPGNDXQ24OFDOL,"Dreyfacher Schwedischer LorBeer Krantz vnd Triumphirende Sieges Krohne von Des Durchläuchtigsten Großmächt. Fürsten vnd Herrn Gustavi Adolphi ... Großmächtigen Heldenthaten, glücklichen expeditionen vnd ... glorwürdigsten Victorien, geflochte[n] vnd zugerichtet :[Aus war- und glaubhafften Historien, Vrkunden vnd Berichten mit sonderm Fleiß trewlich zusammen bracht]. 2, Josua Redivivus, Das ist, Dreyfachen Schwedischen LorBeer-Krantzes Vnd Triumphirender SiegsKrone Ander Theil : Von ... Gustav-Adolphi ... Königlichen Majestät Glorwirdigisten hohen Expeditionen ... von anfang des 1630. Jahres ... biß an die vor Leipzig ergangene ... Feldschlacht, vnd ... Victori, gethan vnd verrichtet",1632,Band,1,pre-1700,https://www.deutsche-digitale-bibliothek.de/item/5RRN6YTX6GDRXJEBR5HPGNDXQ24OFDOL
SWKG36ZYBKMVHCG4FO5CSCWTSWYZGL4X,"Sponsalia Sacra Piae Animae Cum Sponso Christo Das ist Geistliche Seelen Verlöbnisz mit ihrem Bräutigam Christo Jesu Aus dem andern Cap. des Propheten Oseae, v. 19 & 20. : Bey Hoch-Adlicher Leich-Begängnüß Des ... Herrn Albrecht Heinrich von Welchhausen ... ältisten regierenden Bürgermeisters eines Hoch-Adlichen Ritter-Rathes/ allhier zu grossen Saltza ... Welcher ... 1613. d. 16. April. auf diese Jammer Welt gebohren/ und den 25. December des 1678. Jahres ... dieselbe verlassen/ den 2. Februarii aber 1679. in sein neuerbauetes hoch-Adl. Begräbniß in der Kirchen aufn alten Saltza allhier ... beygesetzet worden ... öffentlich vorgestellet",1679,Leichenpredigt|Monografie,1,pre-1700,https://www.deutsche-digitale-bibliothek.de/item/SWKG36ZYBKMVHCG4FO5CSCWTSWYZGL4X
2AWN4CNRUCVYCRQZTK375FQDAWZZSNJC,Aller Christlichen Ritter-Pflicht wann sie zum Gnaden-Lohn Wollen davon bringen Die ewige Ehren-Kron : Aus den geistreichen Worten Pauli/ genommen aus dem 4. Capitel der 2. Epistel an Timoth. ; Bey ... Leich-Begängniß/ Des ... Jochim Otto von Dannenberges ... Welcher in Neuen Halbenschleben/ am 6. May/ des 1647 Jahrs/ von einer Feindes Partey überfallen/ und erschossen/ und ... allhie zu Dannenberg/ in unser S. Johannis Kirchen/ am 6. September/ in sein Ruhekämmerlein beygesetzet worden,1648,Leichenpredigt|Monografie,1,pre-1700,https://www.deutsche-digitale-bibliothek.de/item/2AWN4CNRUCVYCRQZTK375FQDAWZZSNJC
SYKLGC3YLMA7ZN2EOLCHOCMJZMSBH277,"II. Articulen der Gemeine im Parlament zur Handhabung der Beschuldigung wieder William Laud, Ertzbischoffen zu Cantelbury beschuldiget wird; Ferner des Bischoffs Entschuldigung gegen die vorgehende Artickel : Item seine Leichpredigt, die er selber auff dem Richtplatz hat gethan, genomen aus Hebr. XII. verss. 1. 2. HIngerichtet den 10. Januarii, 1645",1649,Kapitel,1,pre-1700,https://www.deutsche-digitale-bibliothek.de/item/SYKLGC3YLMA7ZN2EOLCHOCMJZMSBH277
I7MPZSR6QJ7ITL65T5SCLTQZMCRP7VPM,Des H. Königs Davids und aller Gottliebenden Creutzträger Trost im Elend : Aus dem CXIX. Psalm. v. 92. In einer Leich-Sermon Den 12. Martii Anno 1671. Bey der Adelichen Beysetzung Der ... Anna Dorothea von Kersenbruch/ Des ... Liborius von Münchhausen Auff Rinteln und Schwöbber Erbsassen/ auch gewesenen Drosten zu Ertzen und Bückeburg. Nachgelassener Witwen/ Fürgetragen/ erkläret/ und auff Begehren in Druck heraus gegeben,1671,Leichenpredigt|Monografie,1,pre-1700,https://www.deutsche-digitale-bibliothek.de/item/I7MPZSR6QJ7ITL65T5SCLTQZMCRP7VPM
ONFNWA3LVOBOMKGWFHR27JCN6ANH6DO3,"Refrigerium Davidicum Das ist König Davids und aller Vielgejagten Creutz-Hirschen Gottes Hertz-Erquickung. Auß den worten deß Zwey und Vierzigsten Psalms: Wie der Hirsche schreyet nach frischem Wasser/ so schreyet meine Seele/ Gott/ zu dir! Meine Seele dürstet nach Gott/ nach dem Lebendigen Gott/ wenn werd Ich dahin kommen/ daß Ich Gottes Angesicht schawe? : Bey dem ... Leichbegängniß Deß ... H. Johannis Henselii, Deß ältern ... Seelsorgers der Gemeine Gottes zur Peterßwaldaw. Welcher in lauffendem Jahre 1651 den 24. Iulii deß Abends gegen 5 Uhr ... verschieden/ und darauff folgenden 2. tag Augusti ... zur Erde ist bestätiget worden. In dem Pfarrhofe selbigen Ortes geprediget",1651,Leichenpredigt|Monografie,1,pre-1700,https://www.deutsche-digitale-bibliothek.de/item/ONFNWA3LVOBOMKGWFHR27JCN6ANH6DO3
RDFN7OCBXOFO67UDJIOCDKWUOM6FWFU2,Irenicum Ratisbonense. Oder Regenßburgische Friedens-Frewde :Welche Am 16. Tage deß Weimonats dises lauffenden 1649. Jahres nach den Gott lob im Heiligen Römischen Reich getroffenen Universal-Frieden: Bey allen Evangelischen ... in ... Regenßburg ... ist erwecket worden,1649,Monografie,1,pre-1700,https://www.deutsche-digitale-bibliothek.de/item/RDFN7OCBXOFO67UDJIOCDKWUOM6FWFU2
AXAVP4IB7N2ZBGPSY7VNE2H3P3UM4UVW,"Die selige Verfassung derer, welche des Todes der Gerechten sterben, wurde bey dem öffentlichen Leichenbegängnisse des ... Herrn Johann Conrad Sievers, angesehenen Bürgers, Kauf- und Handelsmanns und Materialisten zu Helmstädt ... den 24 May, 1772 ... in einer Gedächtnißpredigt vorgestellet von D. Johann Friedrich Rehkopf ... der Kirche zu St. Stephan Pastor primarius und der Diöces Generalsuperintendenten",1772,Leichenpredigt|Monografie,0,1700-1800,https://www.deutsche-digitale-bibliothek.de/item/AXAVP4IB7N2ZBGPSY7VNE2H3P3UM4UVW
CN4LYRXWLA5EUWF5YGUEFFIBKPY23UJO,"Lob-Trauer- und Trost-Rede dem weyland Reichs-Frey Hochwohlgebohrnen Herrn/ Herrn Carl August Rau von und zu Holtzhaussen, Gerichts-Herrn zu Nordeck und Holtzhaussen ... als Derselbige den 30. Tag Januarii 1733 ... sanfft und selig entschlaffen; und ... zu Winnen eingesencket worden",1733,Gelegenheitsschrift:Tod|Leichenpredigt|Monografie,0,1700-1800,https://www.deutsche-digitale-bibliothek.de/item/CN4LYRXWLA5EUWF5YGUEFFIBKPY23UJO
VEC2QBSGRO7474UUE72IJROKSBUZOV26,Vom heil. Geists-Hospitale,1787,Abschnitt,0,1700-1800,https://www.deutsche-digitale-bibliothek.de/item/VEC2QBSGRO7474UUE72IJROKSBUZOV26
LTBTBLASANWJP3WPBM6MJAYO7BBKB6AG,Lob der Gottheit.,1784,Musik,0,1700-1800,https://www.deutsche-digitale-bibliothek.de/item/LTBTBLASANWJP3WPBM6MJAYO7BBKB6AG
EWN63UMUSB5JNSBLU3YAUB4GKYLN7THL,Das Britische Amerika,1777,Abschnitt,0,1700-1800,https://www.deutsche-digitale-bibliothek.de/item/EWN63UMUSB5JNSBLU3YAUB4GKYLN7THL
6NX44FU2B2VZWSAAPBZWSER7Q6NMU72C,"550-554, Zweytens. Der Leib und das Blut Christi werden in dem Altarsakrament geopfert.",1785,Kapitel,0,1700-1800,https://www.deutsche-digitale-bibliothek.de/item/6NX44FU2B2VZWSAAPBZWSER7Q6NMU72C
AF52SZPAWXDLNTLXASR3BQXX4A3P2NUH,Gemeine Circul-Rechnung.,1731,Abschnitt,0,1700-1800,https://www.deutsche-digitale-bibliothek.de/item/AF52SZPAWXDLNTLXASR3BQXX4A3P2NUH
NVFTNZZFQS5G7SF37FFQJLHGIZ2XICKV,"Oeconomische Encyclopädie, oder allgemeines System der Staats- Stadt- Haus- u. Landwirthschaft :in alphabetischer Ordnung. 39, Von Kirg bis Kleib : Nebst 4 Kupfertafeln auf 3/4 Bogen",1787,Band,0,1700-1800,https://www.deutsche-digitale-bibliothek.de/item/NVFTNZZFQS5G7SF37FFQJLHGIZ2XICKV
JABDBSOCBACMKT5R6IX6LKEDAPYCVCZI,"Versuch einer Crystallographie oder Beschreibung der, verschiedenen, unter dem Nahmen der Crystalle bekannten, Körpern des Mineralreichs eigenen, geometrischen Figuren :mit Kupfern und Auslegungs-Planen",1777,Monografie,0,1700-1800,https://www.deutsche-digitale-bibliothek.de/item/JABDBSOCBACMKT5R6IX6LKEDAPYCVCZI
LZCWM3REZDTJWZQOLAGSXIU3WWYGTEVZ,"Zweyter Zeitraum. Von der Zerstörung des westgothischen Reichs in Spanien durch die Araber, und ihrer Oberherrschaft über dieses Land, bis auf die Zeit, da ganz Spanien von einem christlichen Fürsten regiert wurde",1789,Kapitel,0,1700-1800,https://www.deutsche-digitale-bibliothek.de/item/LZCWM3REZDTJWZQOLAGSXIU3WWYGTEVZ
UEY4ELMPTRWTZG7YVQMVNB67HWI53F5N,Zweites Hauptstück.,1798,Kapitel,0,1700-1800,https://www.deutsche-digitale-bibliothek.de/item/UEY4ELMPTRWTZG7YVQMVNB67HWI53F5N
JYFYIBOVQL4CRTEVPGEEDK36HANB2SDK,Vierzehntes Kapitel. Kirchengüter. Ihre Zu- und Abnahme. Kirchenvögte.,1778,Kapitel,0,1700-1800,https://www.deutsche-digitale-bibliothek.de/item/JYFYIBOVQL4CRTEVPGEEDK36HANB2SDK
GUOMXGNYMZSJDHMIUA6USPW3HUJJYNZ4,"Lebens-Beschreibungen Der Biblischen Scribenten. [11], Georgii Serpilii, S. Salomo, Unterschidliche Gedancken, Uber dieses Israelitischen Königs Leben und Regierung, Glücks- und Unglücks-Fälle, Schrifften und Seeligkeit, Zur Continuation Der Biblischen Scribenten",1715,Band,0,1700-1800,https://www.deutsche-digitale-bibliothek.de/item/GUOMXGNYMZSJDHMIUA6USPW3HUJJYNZ4
AN7OBJIO5JG47QAMUHPPJHNTDACSL6RX,I. Ein Hochedler und Hochweiser Rath.,1789,Abschnitt,0,1700-1800,https://www.deutsche-digitale-bibliothek.de/item/AN7OBJIO5JG47QAMUHPPJHNTDACSL6RX
5F2YKJURFK443G7WCF2YXEZU2GUVU2ZJ,Versuch in Gedichten,1774,Monografie,0,1700-1800,https://www.deutsche-digitale-bibliothek.de/item/5F2YKJURFK443G7WCF2YXEZU2GUVU2ZJ
AULZTBE6BIM4QTE6LV4TZ4YMCU5SYNV4,"Bey dem Grabe Des weyland Wohl-Ehrwürdigen, Großachtbaren und Hochgelahrten Herrn/ Herrn M. Christoph Sommers, Der Gemeine Christi in Oihs über funffzig Jahr Treu-verdienten Pastoris, Einer Ehrwürdigen Priesterschafft im Fürstenthum Liegnitz ersten und andern Cräyses Hochansehnlichen Senioris ... Stellte Denselben den 14. Jul. 1717. an heilger Stäte zu Oihs Jn einer schlechten Trauer-Rede Aus denen von Jhm selbst hierzu verordneten Paulinischen Worten I. Cor. XV. v. 10 Vor ... Denen säm[m]tlich betrübten Hinterlassenen Zum Troste, Dem Wohlsel. Hn. Seniori aber zum rühmlichen Andencken, Der werthesten Sommerischen Familie ...",1718,Leichenpredigt|Monografie,0,1700-1800,https://www.deutsche-digitale-bibliothek.de/item/AULZTBE6BIM4QTE6LV4TZ4YMCU5SYNV4
KTRSLR77K24HUUOUR6MBZGU6NANAHXPG,Nachricht von der Stadt Augspurg,1718,Monografie,0,1700-1800,https://www.deutsche-digitale-bibliothek.de/item/KTRSLR77K24HUUOUR6MBZGU6NANAHXPG
UAJITIFB3R5ZWEIPOXRTRMWBCLHY7EET,Vier und zwantzigstes Capitel. Von Verlierung der Reichs-Standschafft,1731,Kapitel,0,1700-1800,https://www.deutsche-digitale-bibliothek.de/item/UAJITIFB3R5ZWEIPOXRTRMWBCLHY7EET
G5D7U5ZTMZTY3YYDCZDUIVNQW7GJURWY,"Die Göttliche Parentation, über den seeligen Tod Der Gerechten und Heiligen Leute Aus den beweglichen Worten Esaiæ cap. LVII. v. 1.2. Bey Christlicher und ansehnlicher Erdbestattunge Des weyland Wol- Ehrwürdigen und Wolgelahrten Herrn Petri Valentini Coltmanns/, Treufleißigen und wolverdienten Pastoris und Seelensorgers der Christlichen Gemeine zu Gevensleben, Als dessen ... Seele den 28. Januarii Anno 1704. durch einen ... Tod von dessen gebrechlichen Leibe ab",1704,Leichenpredigt|Monografie,0,1700-1800,https://www.deutsche-digitale-bibliothek.de/item/G5D7U5ZTMZTY3YYDCZDUIVNQW7GJURWY
CHNTT4SRAYHFNMZ5AQLUXTRETNTYQWIP,Vorsatz,1730,Kapitel,0,1700-1800,https://www.deutsche-digitale-bibliothek.de/item/CHNTT4SRAYHFNMZ5AQLUXTRETNTYQWIP
ZAUIICGZIBQVM7B7GO4AS6QFI2KZLKDW,B 18. a) Decretum Ampliss. Senatus vom 28 Dec. 1770.,1772,Abschnitt,0,1700-1800,https://www.deutsche-digitale-bibliothek.de/item/ZAUIICGZIBQVM7B7GO4AS6QFI2KZLKDW
U6B3JU2S7K3CQG4CBHZSDDVZXYVXQ5FX,Musikalische Anzeige,1795,Subskriptionsanzeige|Einblattdruck|Monografie,0,1700-1800,https://www.deutsche-digitale-bibliothek.de/item/U6B3JU2S7K3CQG4CBHZSDDVZXYVXQ5FX
ED4CCGDCFZLQH5NC5CQYVEMRGI3GBXCB,"D. Franz Dominicus Häberlins, Herzogl. Braunschweig-Lüneburg. Geheimen-Justitz-Raths, ersten Lehrers der Rechte, des Teutschen Staats-Rechtes und der Geschichte auf der Julius-Carls-Universität zu Helmstedt, Teutsche Reichs-Geschichte. 3",1774,Band,0,1700-1800,https://www.deutsche-digitale-bibliothek.de/item/ED4CCGDCFZLQH5NC5CQYVEMRGI3GBXCB
FFIHQ3EWVSA7F7CLSNKVC5D2NJISQUQH,Begriff eines wohleingerichteten StaatsKalenders: [...],1794,Abschnitt,0,1700-1800,https://www.deutsche-digitale-bibliothek.de/item/FFIHQ3EWVSA7F7CLSNKVC5D2NJISQUQH
DJQFBAR6L6TVWOH374NCMK47AOVT7JN4,"Der Inhalt aller vorhergehenden Predigten wurde in der lezten zu Hildburghausen wiederholt und die wichtigste Bemühung eines Lehrers sich selbst seelig zu machen, und die ihn hören in der ersten zu Weimar am XII und XIII. Sonntage, nach dem Feste der heiligen Dreieinigkeit im Jahr 1756 vorgestellet",1757,Monografie,0,1700-1800,https://www.deutsche-digitale-bibliothek.de/item/DJQFBAR6L6TVWOH374NCMK47AOVT7JN4
3ZNRMBU53YBMN7OE6G7PACCJAY45GPQP,Einband,1798,Kapitel,0,1700-1800,https://www.deutsche-digitale-bibliothek.de/item/3ZNRMBU53YBMN7OE6G7PACCJAY45GPQP
DBLXCATP6LP7CKLRO542UN5QI3J5WD4U,Sechs und zwanzigstes Blatt.,1750,Heft,0,1700-1800,https://www.deutsche-digitale-bibliothek.de/item/DBLXCATP6LP7CKLRO542UN5QI3J5WD4U
BQOQY65HXJILK6NLUSZ6XAVKLEZB6H7P,Uiber den hohen Adel in Wien,1781,Monografie,0,1700-1800,https://www.deutsche-digitale-bibliothek.de/item/BQOQY65HXJILK6NLUSZ6XAVKLEZB6H7P
VTWXBLSX4FNCFHE4DG6ALBPCHYXYR6AJ,"Die Guten Gedancken eines plötzlich Sterbenden, Mit welchen Bey solennen Leichen-Begängniß Des ... Herrn Georg Christoph Böhmens, Gewesenen ansehnlichen Bürgers, wie auch wohlrenommirten Kauff- und Handelsmannes allhier in Gera, Als derselbe auf das Fest der Heil. Dreyfaltigkeit, war eben der 31. May dieses itztlauffenden 1733. Jahres, nach angehörter Predigt ... todt zur Erden niedersanck, und ... den 3. Junii ... beerdiget wurde, Suchte aus dessen erwehlten Leichen-Text Psalm CXXXII. v. 14. Die ... Leydtragenden ... aufzurichten Ioannes Avenarius, Past. und Superint. des Hochgräfl. Gemeinschafftl. Consistorii Assess. Prim. des Gymnasii Illustris Inspector und Theol. Profess. Publicus",1733,Leichenpredigt|Monografie,0,1700-1800,https://www.deutsche-digitale-bibliothek.de/item/VTWXBLSX4FNCFHE4DG6ALBPCHYXYR6AJ
EIMFASDPFXNVLLE6Q4YA3M26RY3Q7V77,Besonderer Inhalt.,1786,Inhaltsverzeichnis,0,1700-1800,https://www.deutsche-digitale-bibliothek.de/item/EIMFASDPFXNVLLE6Q4YA3M26RY3Q7V77
L4WVC5KLSPFT5BY24DNAQ5EDO34IAIFQ,"Christianus Der Treue Knecht Gottes Wurde Bey der Beerdigung des ... Herrn Christiani Froschens, Wohl-verdient gewesenen Pastoris zu Ober-Pöllnitz [et]c. Welche geschahe den 13. Febr. Anno 1710. Aus den von Ihm erwehlten Leichen-Text: II. Timoth. IV. Cap. v. 7. & 8. ... Einer Volck-reichen Versammlung vorgestellet ... Von M. Christophoro Heinsio, Past. und Superintend. zu Neustand an der Orla",1710,Leichenpredigt|Monografie,0,1700-1800,https://www.deutsche-digitale-bibliothek.de/item/L4WVC5KLSPFT5BY24DNAQ5EDO34IAIFQ
6QKDP2QQMD2UK3775DLLKUQK2SJXQKT4,Die hundertste Predigt aus Zach. XIII. v. 4. 5. 6.,1725,Kapitel,0,1700-1800,https://www.deutsche-digitale-bibliothek.de/item/6QKDP2QQMD2UK3775DLLKUQK2SJXQKT4
HJYDGRPXHNHSJ3AZ3OF7CJGTFD6BVSFV,"118-127, 21. Jesus erwartet ruhig seine Feinde. - 22. Jesus steht seine Feinden gegenüber, sie getrauen sich nicht, Hand an ihn zu legen.",1797,Kapitel,0,1700-1800,https://www.deutsche-digitale-bibliothek.de/item/HJYDGRPXHNHSJ3AZ3OF7CJGTFD6BVSFV
F773REQIHJ2BSVLVA36KQYOE7AEB6ZKN,Der X. Grad,1702,Kapitel,0,1700-1800,https://www.deutsche-digitale-bibliothek.de/item/F773REQIHJ2BSVLVA36KQYOE7AEB6ZKN
BMCIODXB7J4OWCJQY5RRIGYEKFVADAP5,Eingepackte Bücher.,1739,Kapitel,0,1700-1800,https://www.deutsche-digitale-bibliothek.de/item/BMCIODXB7J4OWCJQY5RRIGYEKFVADAP5
GFSXUKTLCH4CJIY5IRM2UH4ESK2PA5ZQ,Geschichte der Regenten von Juda nach dem Exilio. 1,1792,Band,0,1700-1800,https://www.deutsche-digitale-bibliothek.de/item/GFSXUKTLCH4CJIY5IRM2UH4ESK2PA5ZQ
J37KIGNCNIA6W2542Q5NHB7OVTQ6EQH7,1799: Allgemeine Literatur-Zeitung,1799,Band,0,1700-1800,https://www.deutsche-digitale-bibliothek.de/item/J37KIGNCNIA6W2542Q5NHB7OVTQ6EQH7
GUA4KN7K2SPCRAOTU5BHXVCQCW76WTQB,Untersuchungen über die Textur der Lymphdrüsen :Inaug. Diss.,1860,Monografie,0,19th-c,https://www.deutsche-digitale-bibliothek.de/item/GUA4KN7K2SPCRAOTU5BHXVCQCW76WTQB
CLX7TNNCQHUA2ODUP4UL55YRFUYD3JXI,9. Kapitel. Teuflische Rache.,1897,Abschnitt,0,19th-c,https://www.deutsche-digitale-bibliothek.de/item/CLX7TNNCQHUA2ODUP4UL55YRFUYD3JXI
QTKYLSOCDNTIRXXJBPMC5NRCCM3P2NDR,Seidenbau,1843,Kapitel,0,19th-c,https://www.deutsche-digitale-bibliothek.de/item/QTKYLSOCDNTIRXXJBPMC5NRCCM3P2NDR
3ZGSOP3GLCEH3LLGGGSSIMELQUQKY74C,Das Wesen des Religionsunterrichts,1848,Aufsatz,0,19th-c,https://www.deutsche-digitale-bibliothek.de/item/3ZGSOP3GLCEH3LLGGGSSIMELQUQKY74C
SZBW7E5QUANKCDHGPHKQZTGMXB5DC7AC,Entschuldigung.,1842,Abschnitt,0,19th-c,https://www.deutsche-digitale-bibliothek.de/item/SZBW7E5QUANKCDHGPHKQZTGMXB5DC7AC
OWQFKNLMKTR2SHZ5ED33PK6K52LIRWZR,Pädagogische Zustände,1843,Aufsatz,0,19th-c,https://www.deutsche-digitale-bibliothek.de/item/OWQFKNLMKTR2SHZ5ED33PK6K52LIRWZR
KUWJJ25SA2SJHBI2YZRCWNTRDIQKPDWH,II. Bausteine zur Bildung des Herzens und des Charakters,1893,Kapitel,0,19th-c,https://www.deutsche-digitale-bibliothek.de/item/KUWJJ25SA2SJHBI2YZRCWNTRDIQKPDWH
UB6G6PTXD5FADRA6KRLIYTXZ5ZUQIBHG,Wohlthätigkeitsanstalten.,1879,Kapitel,0,19th-c,https://www.deutsche-digitale-bibliothek.de/item/UB6G6PTXD5FADRA6KRLIYTXZ5ZUQIBHG
EUUFLB275J4KXVA7RUIVTH7FRIHEIRHO,Brief von Carl Friedrich Grimm an Karl Eduard Brauns,1813,Abschnitt,0,19th-c,https://www.deutsche-digitale-bibliothek.de/item/EUUFLB275J4KXVA7RUIVTH7FRIHEIRHO
DGYUUMMELBL3ZJLCBGE2VPJKTCPIKISM,H. 1: Myrthen,1840,Band,0,19th-c,https://www.deutsche-digitale-bibliothek.de/item/DGYUUMMELBL3ZJLCBGE2VPJKTCPIKISM
O2SPFOMYDJOFWEFBPGCNVXYDLHAEGW7E,"Achtzehentes Gespräch, in welchem gezeigt wird, was es für eine Beschaffenheit mit den Sonnen- und Mondenfinsternissen habe",1804,Kapitel,0,19th-c,https://www.deutsche-digitale-bibliothek.de/item/O2SPFOMYDJOFWEFBPGCNVXYDLHAEGW7E
PCPG3FBOWOGXRYWM2C2BXSJXRJP7YGVU,Die Umbildung der ländlichen Zustände in Folge der Gemeinheitstheilungen und Verkopplungen,1858,Monografie,0,19th-c,https://www.deutsche-digitale-bibliothek.de/item/PCPG3FBOWOGXRYWM2C2BXSJXRJP7YGVU
KX5A5ZPPGT575SSTCW5WFTL257TWOBHK,"Zusammenstellung der in den Amtsblättern der Königlichen Regierung zu Cöslin von 1816 bis Ende 1883 enthaltenen Polizeiverordnungen in Verbindung mit mehreren, das polizeiliche Interesse berührenden Gesetzen",1884,Monografie,0,19th-c,https://www.deutsche-digitale-bibliothek.de/item/KX5A5ZPPGT575SSTCW5WFTL257TWOBHK
L5UO2CU3L25KSTXE3TZWVV66E2HQPXUF,Total-Einfuhr am Ende jeden Monates:,1898,Abschnitt,0,19th-c,https://www.deutsche-digitale-bibliothek.de/item/L5UO2CU3L25KSTXE3TZWVV66E2HQPXUF
BPKBO35PILBGT62O7HQGR64IUZ5LXYF4,"Zwei und sechzigster Abschnitt. Geschichte Teutschlands unter Rudolph 2, von 1576-1612",1805,Abschnitt,0,19th-c,https://www.deutsche-digitale-bibliothek.de/item/BPKBO35PILBGT62O7HQGR64IUZ5LXYF4
HFVTJXBXOIQPO3MMNLX5GLYLD6CWAC4F,"16-30, Deutschlands sittliche Sendung - Bismark",1915,Kapitel,0,modern,https://www.deutsche-digitale-bibliothek.de/item/HFVTJXBXOIQPO3MMNLX5GLYLD6CWAC4F
WOCYPHDUKOTJKQTPO5IW2QUYIQWIROPK,"Nachlass von Max Scheler (1874-1928) – BSB Ana 315. CB.6.16, Max Scheler (1874-1928) Nachlass: Göttlicher Wille - BSB Ana 315.CB.VI.16",1927,Band,0,modern,https://www.deutsche-digitale-bibliothek.de/item/WOCYPHDUKOTJKQTPO5IW2QUYIQWIROPK
JDRNRLPB5BWULM52JRO7MZ25RXEE5KXF,Der Kampf um Warschau,1939,Aufsatz,0,modern,https://www.deutsche-digitale-bibliothek.de/item/JDRNRLPB5BWULM52JRO7MZ25RXEE5KXF
CVJSN46YVQRIP7IR55PFRRMHW5ADVDBU,Bibliothekserlaubnisse im Urheberrecht,2021,Monografie,0,modern,https://www.deutsche-digitale-bibliothek.de/item/CVJSN46YVQRIP7IR55PFRRMHW5ADVDBU
RYW5H4G6335TAW6HGXZ7DGHBJ7JHLMWW,"718-720 [Rezension] Gabrielsson, Johannes, Über die Quellen des Clemens Alexandrinus. Erster Teil",1907,Aufsatz,0,modern,https://www.deutsche-digitale-bibliothek.de/item/RYW5H4G6335TAW6HGXZ7DGHBJ7JHLMWW
I6VEKT5VNTZNHBR4JSGSG2TX5WKUYMKK,Sechs neue Schülergespräche von Christoph Hegendorfer,1929,Aufsatz,0,modern,https://www.deutsche-digitale-bibliothek.de/item/I6VEKT5VNTZNHBR4JSGSG2TX5WKUYMKK
QIJMMGR4I5HXDCHOHWGMYG5FGXENUOAM,"Robotic Process Automation, Predictive Analytics und künstliche Intelligenz - wo liegen die Anwendungsbereiche im Controlling? Ergebnisse einer empirischen Studie",2019,Monografie,0,modern,https://www.deutsche-digitale-bibliothek.de/item/QIJMMGR4I5HXDCHOHWGMYG5FGXENUOAM
MSKB5OK24Y4F3MP2MO6TDG3MZUSUM2L2,Monitoring der Urinjodausscheidung Neugeborener als Kriterium für die Wirksamkeit der Jodmangelprophylaxe,2006,Monografie,0,modern,https://www.deutsche-digitale-bibliothek.de/item/MSKB5OK24Y4F3MP2MO6TDG3MZUSUM2L2
NE22SOQSTX74GX4QVU7ZMKG7NMLTSXLL,Jugend-Check zum Entwurf eines Gesetzes zur Stärkung des Rechts des Angeklagten auf Anwesenheit in der Verhandlung (Stand 27.02.2018),2018,Monografie,0,modern,https://www.deutsche-digitale-bibliothek.de/item/NE22SOQSTX74GX4QVU7ZMKG7NMLTSXLL
WZ6DN46BDPUD4JQGXOMAPHU3V473E7WC,Ein Fall von congenitaler Ectopia vesicae urinariae,1903,Monografie,0,modern,https://www.deutsche-digitale-bibliothek.de/item/WZ6DN46BDPUD4JQGXOMAPHU3V473E7WC
4PYEBFEJA3BBBR6ZVHZ5WP5EEPWL6IJV,Herbstvorarbeiten des Uhrmachers,1911,Aufsatz,0,modern,https://www.deutsche-digitale-bibliothek.de/item/4PYEBFEJA3BBBR6ZVHZ5WP5EEPWL6IJV
Y23DZGJ3SX7E6QZPGE4BG7K6CDXF7NZC,Aus dem Vereinsleben,1936,Abschnitt,0,modern,https://www.deutsche-digitale-bibliothek.de/item/Y23DZGJ3SX7E6QZPGE4BG7K6CDXF7NZC
4R7VPOZVTFY4TJTTPCMNUSMFQOIIKEDK,Büchenwerra,1946,Kapitel,0,modern,https://www.deutsche-digitale-bibliothek.de/item/4R7VPOZVTFY4TJTTPCMNUSMFQOIIKEDK
FTT6CJWQ5NMUAKWQBLVJJOD32PO2NI6Q,Magnetresonanztomographische Untersuchung Mukoviszidose-assoziierter Veränderungen des Pankreas im Hinblick auf ihre präkanzeröse Potenz,2018,Monografie,0,modern,https://www.deutsche-digitale-bibliothek.de/item/FTT6CJWQ5NMUAKWQBLVJJOD32PO2NI6Q
LPE2VGKEWSOPVE7OA4MAVDKPVVASZJZW,VII. Zusammenfassung,1940,Kapitel,0,modern,https://www.deutsche-digitale-bibliothek.de/item/LPE2VGKEWSOPVE7OA4MAVDKPVVASZJZW
IXTNER6RJP7D2CMNPKIBAGDZCGODRFF3,Kampf um das Unterrichtswesen in Turkestan und die Reformgedanken,1956,Abschnitt,0,modern,https://www.deutsche-digitale-bibliothek.de/item/IXTNER6RJP7D2CMNPKIBAGDZCGODRFF3
XGHKJUFIFJBGNPIWRFYBTETHSZMWEE4G,"Fingerzeige für so manches eigenartige Verhalten, für so manches plötzliche Verändertsein von Kindern",1913,Aufsatz,0,modern,https://www.deutsche-digitale-bibliothek.de/item/XGHKJUFIFJBGNPIWRFYBTETHSZMWEE4G
B4BZ3UTUM4HP3GY4WUGDLUWBYFKRA6GT,No. 39. Bericht über den städtischen Vieh- und Schlachthof sowie die städtische Fleischbeschau,1904,Kapitel,0,modern,https://www.deutsche-digitale-bibliothek.de/item/B4BZ3UTUM4HP3GY4WUGDLUWBYFKRA6GT
QSZE6YLYEQRTG4ZKGQ4YSAPI2DG53N4J,Aus den Nachbarlandeskirchen,1932,Abschnitt,0,modern,https://www.deutsche-digitale-bibliothek.de/item/QSZE6YLYEQRTG4ZKGQ4YSAPI2DG53N4J
VYHINEHLMW4UTVZJCT6HMMDHX4AWK3SH,V. Die Ausschüsse der städtischen Körperschaften,1924,Abschnitt,0,modern,https://www.deutsche-digitale-bibliothek.de/item/VYHINEHLMW4UTVZJCT6HMMDHX4AWK3SH
PYLS452XGTLPCSYA2TXMTFZBA3OEICSG,"Die Himmels-Begierde der Gläubigen auf Erden. Ward Bey Beerdigung des ... Herrn Werner Julius Günther Hantelmann, Hochfürstl. Braunschw. Lüneburgischen ... Amts-Raths ... zu Holtzminden und Stadt Oldendorff ... Am vierten Sonntage des Advents Anno 1741. ... in einer solennen Leichen- und Gedächtniß-Predigt vorgestellt",1741 - ,Leichenpredigt|Monografie,0,unknown,https://www.deutsche-digitale-bibliothek.de/item/PYLS452XGTLPCSYA2TXMTFZBA3OEICSG
4BBZIKENCWEM7JR64TJSQR73PLHDYR2X,Frommer Christen Lebens und SterbensRegel/ Lebens und SterbensTrost : Auß den Worten S. Pauli Rom. 14. v. 7.8.9. Unser keiner lebt ihm selber/ &c. Bey sehr Volckreicher Begräbniß Deß ... Hrn. Otten Cloden/ Fürstl. Hess. gewesenen wolverdienten Oberförsters im Ampt Rodenberg/ Der in dem 97. Jahr seines Alters den 27. Iunii diese Welt gesegnet/ und den 4. Iulii in sein RuheKämmerlein beygesetzet worden ist Einfältig erkläret/ und auf Begehren zum Druck verfertiget,1662 - ,Leichenpredigt|Monografie,0,unknown,https://www.deutsche-digitale-bibliothek.de/item/4BBZIKENCWEM7JR64TJSQR73PLHDYR2X
P3TDTGPH5ZGVLWUOXLJXBF65PVI3QUBC,"Designatio Derer zwischen Ihro Königlichen Majestät in Schweden, qu`a Landgraffen zu Hessen-Cassel, und andern Chur- und Fürsten, auch der Stadt Franckfurt, nach und nach errichteten und noch subsistirenden Cartels",1735 - ,Verordnung|Einblattdruck|Monografie,0,unknown,https://www.deutsche-digitale-bibliothek.de/item/P3TDTGPH5ZGVLWUOXLJXBF65PVI3QUBC
5527O2T5GVSLVQCZ7ZLEQMQZGHR5ZUL4,"Unsere [et]c. Es ist auf vorgepflogene Communication mit der Landschaft des Fürstenthums Lüneburg beliebet worden, die Tranck- oder Bier-Steuer, welche mit Ausgang Junii dieses Jahres zu Ende gehen würde, annoch Sechs Jahre ... continuiren zu lassen ... Hannover den 6ten Januarii 1773.",1773 - ,Amtsdruckschrift|Einblattdruck|Monografie,0,unknown,https://www.deutsche-digitale-bibliothek.de/item/5527O2T5GVSLVQCZ7ZLEQMQZGHR5ZUL4
NWKQZ5PH5YRA4FXBZT2L2G66LTWJFEYE,"Von Gottes Gnaden Wir Carl, Landgraff zu Hessen, Fürst zu Herßfeld, Graff zu Catzenelnbogen, Dietz, Ziegenhayn, Nidda und Schaumburg, [et]c. Entbieten Unsern Praesidenten, Cantzlarn ... hiermit zu wissen: Was gestalt Uns verschiedentlich vorkommen, daß bey Unsern Consistoriis und Ehe-Gerichten, von deswegen zum offtern Ehe-Klagen angebracht worden, weil sich der klagende Theil auff seines Gegentheils angebliche Versprechungs-Worte: Ich Wil Dich Nicht Verlassen, zu gründen, und darauß eine Ehe zu erzwingen vermeinet ... Gegeben ... Cassel, den 5. Tag Septembris 1710",1710 - ,Einblattdruck|Verordnung|Monografie,0,unknown,https://www.deutsche-digitale-bibliothek.de/item/NWKQZ5PH5YRA4FXBZT2L2G66LTWJFEYE
LHSTLBBCA5XYHXF3ZQZKD3FHBDJO2FKI,"An Seiten Hoch-Fürstl. Cammer ist man deß Versehens gewesen, es würden die Beamte ... sich der, am 3. Decembr. 1688, und 11. Decembr. 1690 im Druck ergangenen, ... wiederholter Verordnung; nach welcher, wann von gedacht-Hoch-Fürstl. Cammer, entweder zu Herrschafftlichen Gebäuen, oder Unterthanen, auf ihr suppliciren, Bau- oder Brenn-Holz, aus Herrschafftlichen Waldungen abzugeben, ... [Signatum unter hievorgedruckt-Hoch-Fürstl. Cammer-Secret-Insiegel. Onolzbach, den 10. Octobr. 1726.]",1726 - ,Amtsdruckschrift|Verordnung|Einblattdruck|Monografie,0,unknown,https://www.deutsche-digitale-bibliothek.de/item/LHSTLBBCA5XYHXF3ZQZKD3FHBDJO2FKI
YDQO37UPKOW56GN4VSVXNU4WT4R7WCNI,"Die Wunderliche Führung Der Heiligen Gottes, Insbesonderheit Bey Ihren Lebens-Ende, Als Der Weyland Königliche Preußische Cammer-Secretarius im Hertzogthum Magdeburg, Tit. Herr Johann Ockel, Patricius, und vornehmer Pfänner allhier, Am 8. Julii des M DCCI. Jahres, Bey Christ-ansehnlichen Leichen-Begängniß Beerdiget ward",1701 - ,Leichenpredigt|Monografie,0,unknown,https://www.deutsche-digitale-bibliothek.de/item/YDQO37UPKOW56GN4VSVXNU4WT4R7WCNI
MYEERCRIBQHR3NL5VHNNBDYLZTXTFEJ6,Kurtz-gefaßte Schäferey deß Menschlichen Lebens/ wie darbey (1) ein allgemeines Klagen/ (2) ein nachdenckliches Fragen/ und (3) ein sonderliches Sagen fürgehe : Bey ... Beerdigung Deß ... Jacob Schäfers/ alten Wohlbenamten Bürgers und berühmten Apotheckers allhier/ Welcher ... seine Seele in seine allmächtige Hände treulich befohlen/ und von demselben im 77. Jahre seines Alters in die Him[m]lische Freuden auf- und angenommen worden/ Auß den 10. 11. und 12 Versiculn des XC. Psalms: Unser Leben währet siebenzig Jahr/ [et]c. In der Kirchen zu S. Joh. vor Leipzig ... entworffen,1672 - ,Leichenpredigt|Monografie,0,unknown,https://www.deutsche-digitale-bibliothek.de/item/MYEERCRIBQHR3NL5VHNNBDYLZTXTFEJ6
IKMN3UBIH6D55FK5FCIHL6TZWJBPBJPP,"Von der Heiligen Matriarchin Rahell/ und ihren schweren Kindsnöthen/ Genes: 35, 16. Leichpredigt : Bey der Volckreichen und Ansehnlichen Adlichen Begrebnus/ der Edlen Ehr und Tugendreichen Frawen/ Sophiae Mariae/ Des Woll Edlen Gestrengen und Vehsten/ Wilhelm Kleistes auff Muttrin und Dubberow Erbsessen/ Fürstlichen Stettinischen wolverordenten Hoffgerichts verwalters/ Ehelichen Haußfrawen/ Welche kurtz nach enthobenen Weiblichen bürden/ ihr Leben den 9. Martii Sehliglich geschlossen/ und den 11. April. war der Donnerstag für Palmarum, in der Stifftskirchen zu S. Marien/ Christlich beerdiget worden/ Gehalten",1622 - ,Leichenpredigt|Monografie,0,unknown,https://www.deutsche-digitale-bibliothek.de/item/IKMN3UBIH6D55FK5FCIHL6TZWJBPBJPP
DRUFMYEJ27IU5ZEY5Z4TZ3XZ4XTMPFGX,Instruction für die unter den Thoren bestellte Examinatores,1750 - ,Einblattdruck|Monografie,0,unknown,https://www.deutsche-digitale-bibliothek.de/item/DRUFMYEJ27IU5ZEY5Z4TZ3XZ4XTMPFGX
